PRIMARY_KEY,sports
14,"CF-604"
20,"CF-401"
33,"CF-211"
37,"CF-135"
55,"CF-245"
57,"CF-503"
60,"CF-212"
66,"CF-111"
106,"CF-601"
117,"CF-115"
140,"CF-212"
145,"CF-132"
153,"CF-404"
164,"CF-604"
166,"CF-116"
169,"CF-604"
174,"CF-132"
180,"CF-123"
185,"CF-133"
189,"CF-405"
199,"CF-103"
208,"CF-127"
225,"CF-261"
245,"CF-218"
246,"CF-402"
249,"CF-115"
251,"CF-111"
258,"CF-110"
265,"CF-218"
288,"CF-121"
325,"CF-123"
326,"CF-401"
345,"CF-108"
354,"CF-111"
374,"CF-211"
380,"CF-410"
397,"CF-113"
400,"CF-219"
416,"CF-132"
456,"CF-125"
481,"CF-134"
505,"CF-402"
512,"CF-123"
524,"CF-211"
529,"CF-212"
531,"CF-245"
532,"CF-245"
533,"CF-115"
548,"CF-111"
555,"CF-242"
564,"CF-111"
575,"CF-202"
588,"CF-101"
591,"CF-211"
598,"CF-401"
616,"CF-211"
638,"CF-117"
639,"CF-101"
692,"CF-404"
712,"CF-109"
719,"CF-205"
721,"CF-602"
724,"CF-217"
729,"CF-402"
741,"CF-111"
749,"CF-211"
760,"CF-111"
766,"CF-111"
768,"CF-245"
786,"CF-105"
787,"CF-211"
788,"CF-111"
797,"CF-111"
800,"CF-109"
813,"CF-101"
841,"CF-124"
844,"CF-242"
845,"CF-111"
860,"CF-111"
884,"CF-133"
890,"CF-132"
905,"CF-211"
910,"CF-402"
924,"CF-132"
948,"CF-233"
961,"CF-102"
965,"CF-109"
984,"CF-242"
991,"CF-212"
1002,"CF-402"
1027,"CF-111"
1044,"CF-101"
1049,"CF-111"
1061,"CF-242"
1067,"CF-134"
1084,"CF-242"
1129,"CF-604"
1134,"CF-111"
1147,"CF-604"
1154,"CF-101"
1187,"CF-242"
1221,"CF-420"
1224,"CF-111"
1228,"CF-202"
1242,"CF-111"
1276,"CF-126"
1277,"CF-111"
1278,"CF-256"
1289,"CF-402"
1298,"CF-119"
1352,"CF-602"
1384,"CF-119"
1404,"CF-111"
1419,"CF-117"
1425,"CF-128"
1482,"CF-242"
1510,"CF-209"
1547,"CF-212"
1571,"CF-249"
1576,"CF-604"
1578,"CF-604"
1624,"CF-102"
1663,"CF-132"
1664,"CF-113"
1666,"CF-602"
1679,"CF-109"
1681,"CF-133"
1713,"CF-254"
1727,"CF-111"
1793,"CF-114"
1802,"CF-135"
1831,"CF-218"
1844,"CF-242"
1854,"CF-605"
1892,"CF-402"
1897,"CF-420"
1900,"CF-111"
1934,"CF-111"
1945,"CF-105"
1946,"CF-125"
1959,"CF-218"
1986,"CF-109"
2009,"CF-123"
2019,"CF-402"
2021,"CF-404"
2027,"CF-132"
2028,"CF-111"
2073,"CF-136"
2083,"CF-103"
2110,"CF-132"
2114,"CF-410"
2197,"CF-119"
2226,"CF-403"
2229,"CF-105"
2234,"CF-403"
2249,"CF-132"
2262,"CF-103"
2296,"CF-242"
2310,"CF-402"
2312,"CF-103"
2329,"CF-242"
2339,"CF-111"
2355,"CF-132"
2377,"CF-123"
2384,"CF-233"
2406,"CF-123"
2411,"CF-245"
2423,"CF-103"
2426,"CF-242"
2432,"CF-129"
2444,"CF-125"
2483,"CF-245"
2508,"CF-123"
2510,"CF-111"
2539,"CF-402"
2543,"CF-111"
2546,"CF-242"
2548,"CF-242"
2558,"CF-102"
2579,"CF-242"
2583,"CF-109"
2601,"CF-410"
2673,"CF-133"
2681,"CF-105"
2685,"CF-108"
2723,"CF-420"
2738,"CF-121"
2744,"CF-258"
2745,"CF-123"
2750,"CF-121"
2774,"CF-402"
2796,"CF-132"
2800,"CF-242"
2805,"CF-119"
2823,"CF-103"
2832,"CF-123"
2841,"CF-221"
2842,"CF-245"
2854,"CF-242"
2864,"CF-221"
2870,"CF-257"
2878,"CF-410"
2894,"CF-413"
2900,"CF-121"
2957,"CF-111"
2970,"CF-202"
2972,"CF-410"
2981,"CF-101"
3005,"CF-125"
3008,"CF-123"
3026,"CF-109"
3028,"CF-402"
3071,"CF-134"
3083,"CF-111"
3103,"CF-109"
3116,"CF-132"
3120,"CF-125"
3128,"CF-101"
3161,"CF-242"
3182,"CF-132"
3218,"CF-242"
3260,"CF-242"
3266,"CF-101"
3275,"CF-132"
3298,"CF-123"
3301,"CF-125"
3308,"CF-132"
3312,"CF-121"
3324,"CF-111"
3342,"CF-402"
3375,"CF-125"
3432,"CF-111"
3447,"CF-132"
3456,"CF-404"
3458,"CF-402"
3471,"CF-132"
3475,"CF-129"
3523,"CF-242"
3550,"CF-410"
3606,"CF-402"
3653,"CF-134"
3684,"CF-105"
3686,"CF-124"
3698,"CF-410"
3764,"CF-410"
3781,"CF-127"
3820,"CF-111"
3845,"CF-127"
3849,"CF-107"
3861,"CF-123"
3864,"CF-123"
3870,"CF-119"
3875,"CF-106"
3880,"CF-242"
3898,"CF-111"
3903,"CF-134"
3961,"CF-405"
3977,"CF-604"
3978,"CF-114"
4019,"CF-604"
4025,"CF-123"
4031,"CF-204"
4058,"CF-111"
4085,"CF-125"
4108,"CF-126"
4109,"CF-108"
4114,"CF-107"
4115,"CF-121"
4116,"CF-114"
4130,"CF-221"
4139,"CF-129"
4156,"CF-117"
4162,"CF-222"
4180,"CF-242"
4200,"CF-402"
4202,"CF-123"
4206,"CF-123"
4207,"CF-114"
4234,"CF-242"
4266,"CF-413"
4268,"CF-125"
4279,"CF-211"
4292,"CF-134"
4303,"CF-415"
4317,"CF-134"
4328,"CF-134"
4336,"CF-123"
4392,"CF-119"
4407,"CF-105"
4419,"CF-602"
4440,"CF-242"
4457,"CF-242"
4460,"CF-134"
4470,"CF-101"
4490,"CF-111"
4495,"CF-218"
4501,"CF-132"
4508,"CF-111"
4545,"CF-602"
4547,"CF-403"
4569,"CF-109"
4592,"CF-132"
4593,"CF-242"
4595,"CF-602"
4602,"CF-133"
4604,"CF-133"
4621,"CF-503"
4628,"CF-133"
4638,"CF-123"
4671,"CF-211"
4699,"CF-211"
4700,"CF-211"
4701,"CF-111"
4708,"CF-105"
4711,"CF-127"
4733,"CF-242"
4736,"CF-211"
4761,"CF-132"
4775,"CF-125"
4780,"CF-123"
4819,"CF-111"
4835,"CF-255"
4852,"CF-403"
4857,"CF-242"
4862,"CF-604"
4869,"CF-601"
4912,"CF-103"
4918,"CF-602"
4942,"CF-123"
4943,"CF-242"
4944,"CF-117"
4947,"CF-115"
4952,"CF-604"
4973,"CF-111"
4975,"CF-211"
5004,"CF-105"
5007,"CF-242"
5028,"CF-107"
5046,"CF-101"
5110,"CF-111"
5119,"CF-242"
5135,"CF-111"
5155,"CF-401"
5201,"CF-101"
5225,"CF-403"
5242,"CF-123"
5321,"CF-111"
5362,"CF-134"
5363,"CF-101"
5382,"CF-111"
5396,"CF-131"
5430,"CF-402"
5432,"CF-242"
5435,"CF-403"
5456,"CF-413"
5467,"CF-204"
5469,"CF-109"
5473,"CF-413"
5476,"CF-132"
5499,"CF-107"
5530,"CF-402"
5531,"CF-402"
5532,"CF-242"
5549,"CF-420"
5554,"CF-125"
5567,"CF-113"
5623,"CF-420"
5678,"CF-402"
5682,"CF-111"
5702,"CF-420"
5703,"CF-123"
5707,"CF-245"
5717,"CF-413"
5728,"CF-129"
5734,"CF-261"
5762,"CF-125"
5766,"CF-111"
5804,"CF-111"
5813,"CF-111"
5833,"CF-402"
5842,"CF-133"
5845,"CF-402"
5879,"CF-111"
5881,"CF-413"
5896,"CF-111"
5898,"CF-604"
5900,"CF-402"
5932,"CF-101"
5939,"CF-115"
5973,"CF-218"
6022,"CF-420"
6066,"CF-134"
6095,"CF-105"
6104,"CF-124"
6132,"CF-109"
6136,"CF-402"
6160,"CF-105"
6284,"CF-251"
6310,"CF-111"
6318,"CF-410"
6386,"CF-115"
6400,"CF-123"
6423,"CF-109"
6434,"CF-128"
6479,"CF-245"
6495,"CF-242"
6523,"CF-205"
6531,"CF-245"
6560,"CF-210"
6579,"CF-405"
6591,"CF-127"
6592,"CF-248"
6593,"CF-115"
6597,"CF-125"
6648,"CF-206"
6654,"CF-402"
6669,"CF-261"
6675,"CF-133"
6697,"CF-133"
6723,"CF-242"
6742,"CF-245"
6771,"CF-213"
6780,"CF-242"
6794,"CF-113"
6796,"CF-261"
6797,"CF-111"
6821,"CF-111"
6829,"CF-245"
6832,"CF-107"
6846,"CF-113"
6849,"CF-111"
6856,"CF-111"
6857,"CF-115"
6866,"CF-111"
6874,"CF-242"
6875,"CF-402"
6887,"CF-111"
6902,"CF-124"
6908,"CF-135"
6913,"CF-604"
6915,"CF-264"
6926,"CF-127"
6935,"CF-206"
6952,"CF-117"
6960,"CF-123"
6980,"CF-403"
6988,"CF-133"
7002,"CF-127"
7006,"CF-604"
7013,"CF-109"
7018,"CF-604"
7019,"CF-245"
7025,"CF-604"
7027,"CF-111"
7032,"CF-245"
7043,"CF-604"
7051,"CF-242"
7057,"CF-219"
7079,"CF-403"
7082,"CF-123"
7096,"CF-213"
7111,"CF-117"
7123,"CF-119"
7140,"CF-242"
7170,"CF-123"
7175,"CF-134"
7179,"CF-132"
7196,"CF-111"
7202,"CF-111"
7223,"CF-101"
7233,"CF-601"
7254,"CF-110"
7263,"CF-103"
7279,"CF-111"
7283,"CF-123"
7289,"CF-127"
7318,"CF-601"
7323,"CF-604"
7339,"CF-402"
7342,"CF-123"
7387,"CF-125"
7388,"CF-410"
7415,"CF-212"
7422,"CF-134"
7440,"CF-123"
7451,"CF-245"
7463,"CF-115"
7514,"CF-111"
7521,"CF-410"
7579,"CF-133"
7582,"CF-221"
7585,"CF-221"
7591,"CF-109"
7611,"CF-115"
7616,"CF-254"
7620,"CF-108"
7635,"CF-113"
7637,"CF-125"
7642,"CF-114"
7662,"CF-125"
7671,"CF-221"
7682,"CF-125"
7686,"CF-410"
7712,"CF-402"
7722,"CF-105"
7728,"CF-403"
7733,"CF-123"
7746,"CF-123"
7747,"CF-118"
7750,"CF-128"
7775,"CF-128"
7777,"CF-123"
7790,"CF-117"
7802,"CF-103"
7803,"CF-404"
7806,"CF-128"
7810,"CF-402"
7852,"CF-115"
7879,"CF-109"
7892,"CF-218"
7911,"CF-221"
7924,"CF-221"
7935,"CF-404"
7949,"CF-404"
7955,"CF-220"
7960,"CF-115"
7988,"CF-242"
8018,"CF-209"
8040,"CF-109"
8051,"CF-605"
8055,"CF-402"
8059,"CF-119"
8073,"CF-111"
8095,"CF-242"
8144,"CF-202"
8148,"CF-242"
8179,"CF-128"
8209,"CF-137"
8211,"CF-134"
8236,"CF-115"
8253,"CF-134"
8259,"CF-242"
8268,"CF-109"
8284,"CF-604"
8302,"CF-111"
8306,"CF-125"
8316,"CF-111"
8324,"CF-604"
8339,"CF-119"
8341,"CF-604"
8345,"CF-604"
8348,"CF-115"
8367,"CF-109"
8370,"CF-206"
8376,"CF-242"
8380,"CF-111"
8387,"CF-132"
8419,"CF-113"
8421,"CF-123"
8428,"CF-221"
8448,"CF-120"
8455,"CF-105"
8462,"CF-125"
8472,"CF-135"
8478,"CF-402"
8485,"CF-123"
8492,"CF-601"
8498,"CF-403"
8504,"CF-604"
8510,"CF-228"
8534,"CF-118"
8555,"CF-402"
8567,"CF-407"
8578,"CF-106"
8604,"CF-413"
8605,"CF-132"
8609,"CF-132"
8610,"CF-602"
8611,"CF-407"
8626,"CF-103"
8634,"CF-242"
8655,"CF-111"
8670,"CF-123"
8677,"CF-212"
8704,"CF-501"
8718,"CF-413"
8726,"CF-103"
8757,"CF-133"
8763,"CF-123"
8777,"CF-417"
8784,"CF-123"
8801,"CF-404"
8813,"CF-123"
8821,"CF-402"
8845,"CF-132"
8849,"CF-123"
8852,"CF-245"
8862,"CF-132"
8866,"CF-125"
8910,"CF-111"
8920,"CF-105"
8924,"CF-413"
8939,"CF-123"
8956,"CF-407"
8959,"CF-218"
8966,"CF-219"
9001,"CF-605"
9012,"CF-123"
9021,"CF-111"
9040,"CF-128"
9049,"CF-123"
9079,"CF-261"
9087,"CF-401"
9106,"CF-220"
9137,"CF-221"
9160,"CF-119"
9162,"CF-601"
9171,"CF-128"
9192,"CF-133"
9230,"CF-132"
9234,"CF-111"
9237,"CF-109"
9238,"CF-413"
9258,"CF-117"
9306,"CF-132"
9315,"CF-119"
9319,"CF-119"
9359,"CF-132"
9376,"CF-420"
9399,"CF-605"
9415,"CF-605"
9447,"CF-222"
9474,"CF-125"
9480,"CF-137"
9496,"CF-135"
9498,"CF-410"
9506,"CF-420"
9565,"CF-119"
9572,"CF-601"
9610,"CF-245"
9629,"CF-252"
9637,"CF-410"
9698,"CF-123"
9709,"CF-604"
9715,"CF-132"
9725,"CF-118"
9752,"CF-242"
9901,"CF-123"
9930,"CF-401"
9963,"CF-245"
9969,"CF-233"
9993,"CF-119"
10064,"CF-602"
10066,"CF-222"
10077,"CF-132"
10081,"CF-402"
10109,"CF-602"
10122,"CF-115"
10125,"CF-602"
10157,"CF-410"
10165,"CF-420"
10185,"CF-402"
10215,"CF-111"
10243,"CF-117"
10244,"CF-401"
10276,"CF-125"
10285,"CF-111"
10314,"CF-413"
10343,"CF-111"
10364,"CF-123"
10374,"CF-138"
10388,"CF-134"
10398,"CF-503"
10418,"CF-402"
10433,"CF-503"
10446,"CF-105"
10459,"CF-133"
10460,"CF-107"
10475,"CF-123"
10476,"CF-111"
10484,"CF-126"
10495,"CF-123"
10506,"CF-123"
10514,"CF-417"
10525,"CF-218"
10549,"CF-601"
10551,"CF-102"
10567,"CF-134"
10633,"CF-111"
10654,"CF-413"
10655,"CF-114"
10680,"CF-132"
10693,"CF-133"
10697,"CF-115"
10708,"CF-417"
10717,"CF-136"
10726,"CF-117"
10761,"CF-117"
10765,"CF-108"
10770,"CF-102"
10776,"CF-267"
10804,"CF-233"
10811,"CF-242"
10822,"CF-101"
10841,"CF-245"
10852,"CF-410"
10858,"CF-101"
10862,"CF-134"
10868,"CF-111"
10892,"CF-501"
10901,"CF-413"
10911,"CF-217"
10981,"CF-237"
10982,"CF-116"
11060,"CF-113"
11092,"CF-111"
11095,"CF-103"
11112,"CF-242"
11115,"CF-123"
11135,"CF-221"
11142,"CF-123"
11147,"CF-402"
11171,"CF-604"
11189,"CF-115"
11191,"CF-101"
11201,"CF-413"
11204,"CF-413"
11224,"CF-111"
11257,"CF-129"
11304,"CF-111"
11312,"CF-245"
11323,"CF-111"
11332,"CF-111"
11365,"CF-111"
11368,"CF-402"
11390,"CF-101"
11416,"CF-111"
11438,"CF-123"
11443,"CF-221"
11488,"CF-245"
11496,"CF-123"
11519,"CF-404"
11539,"CF-218"
11590,"CF-402"
11674,"CF-109"
11694,"CF-111"
11708,"CF-258"
11741,"CF-402"
11754,"CF-123"
11776,"CF-133"
11780,"CF-413"
11783,"CF-109"
11842,"CF-110"
11852,"CF-402"
11856,"CF-402"
11867,"CF-132"
11915,"CF-402"
11942,"CF-413"
11956,"CF-245"
11999,"CF-402"
12015,"CF-108"
12016,"CF-218"
12046,"CF-402"
12063,"CF-111"
12068,"CF-123"
12069,"CF-111"
12091,"CF-403"
12093,"CF-103"
12094,"CF-123"
12105,"CF-245"
12107,"CF-402"
12110,"CF-210"
12118,"CF-107"
12139,"CF-402"
12150,"CF-111"
12155,"CF-133"
12157,"CF-413"
12198,"CF-133"
12231,"CF-109"
12237,"CF-121"
12256,"CF-124"
12321,"CF-243"
12338,"CF-123"
12339,"CF-402"
12401,"CF-115"
12411,"CF-123"
12418,"CF-125"
12425,"CF-132"
12439,"CF-132"
12442,"CF-111"
12452,"CF-242"
12463,"CF-503"
12472,"CF-123"
12501,"CF-410"
12514,"CF-402"
12553,"CF-242"
12581,"CF-111"
12600,"CF-221"
12625,"CF-601"
12631,"CF-413"
12661,"CF-111"
12666,"CF-604"
12669,"CF-111"
12677,"CF-108"
12698,"CF-115"
12708,"CF-221"
12723,"CF-254"
12724,"CF-221"
12731,"CF-103"
12733,"CF-133"
12752,"CF-413"
12766,"CF-604"
12769,"CF-254"
12813,"CF-404"
12861,"CF-402"
12869,"CF-111"
12888,"CF-121"
12896,"CF-111"
12900,"CF-133"
12922,"CF-503"
12925,"CF-123"
12929,"CF-132"
12934,"CF-110"
12936,"CF-604"
12937,"CF-123"
12982,"CF-206"
12999,"CF-242"
13000,"CF-134"
13033,"CF-109"
13064,"CF-221"
13090,"CF-129"
13102,"CF-211"
13121,"CF-123"
13122,"CF-133"
13141,"CF-135"
13147,"CF-221"
13148,"CF-245"
13170,"CF-211"
13214,"CF-413"
13235,"CF-109"
13239,"CF-124"
13245,"CF-261"
13264,"CF-125"
13274,"CF-218"
13287,"CF-604"
13295,"CF-402"
13301,"CF-219"
13349,"CF-604"
13357,"CF-115"
13370,"CF-101"
13392,"CF-133"
13397,"CF-134"
13403,"CF-413"
13408,"CF-111"
13412,"CF-402"
13423,"CF-111"
13434,"CF-413"
13436,"CF-106"
13460,"CF-134"
13495,"CF-115"
13516,"CF-113"
13532,"CF-119"
13555,"CF-503"
13577,"CF-402"
13602,"CF-110"
13610,"CF-242"
13613,"CF-109"
13634,"CF-111"
13637,"CF-109"
13644,"CF-109"
13660,"CF-101"
13673,"CF-111"
13674,"CF-114"
13687,"CF-604"
13696,"CF-110"
13700,"CF-218"
13720,"CF-402"
13730,"CF-111"
13736,"CF-133"
13742,"CF-407"
13750,"CF-242"
13763,"CF-604"
13772,"CF-111"
13801,"CF-250"
13806,"CF-218"
13813,"CF-123"
13819,"CF-604"
13835,"CF-402"
13860,"CF-111"
13870,"CF-402"
13896,"CF-503"
13921,"CF-605"
13923,"CF-111"
13939,"CF-261"
13943,"CF-413"
13946,"CF-245"
13960,"CF-133"
13966,"CF-402"
13968,"CF-420"
13969,"CF-604"
14002,"CF-111"
14017,"CF-242"
14018,"CF-111"
14023,"CF-218"
14032,"CF-111"
14050,"CF-133"
14053,"CF-133"
14092,"CF-123"
14100,"CF-123"
14115,"CF-133"
14123,"CF-233"
14164,"CF-604"
14171,"CF-111"
14197,"CF-111"
14230,"CF-245"
14242,"CF-402"
14243,"CF-251"
14276,"CF-124"
14298,"CF-221"
14307,"CF-111"
14364,"CF-137"
14366,"CF-121"
14378,"CF-242"
14380,"CF-136"
14403,"CF-245"
14433,"CF-119"
14442,"CF-420"
14493,"CF-103"
14510,"CF-420"
14548,"CF-212"
14566,"CF-604"
14567,"CF-108"
14578,"CF-501"
14609,"CF-420"
14633,"CF-109"
14637,"CF-604"
14649,"CF-212"
14665,"CF-402"
14669,"CF-111"
14672,"CF-124"
14689,"CF-111"
14703,"CF-111"
14741,"CF-233"
14749,"CF-211"
14801,"CF-402"
14803,"CF-402"
14808,"CF-125"
14812,"CF-420"
14817,"CF-125"
14828,"CF-117"
14843,"CF-403"
14866,"CF-242"
14878,"CF-402"
14893,"CF-132"
14914,"CF-115"
14923,"CF-115"
14931,"CF-245"
14955,"CF-602"
14958,"CF-123"
14961,"CF-258"
14966,"CF-403"
15028,"CF-111"
15035,"CF-137"
15042,"CF-413"
15055,"CF-245"
15068,"CF-111"
15080,"CF-604"
15090,"CF-111"
15093,"CF-111"
15157,"CF-111"
15170,"CF-242"
15174,"CF-403"
15179,"CF-407"
15187,"CF-220"
15190,"CF-123"
15192,"CF-117"
15197,"CF-113"
15199,"CF-128"
15214,"CF-128"
15225,"CF-103"
15247,"CF-602"
15258,"CF-233"
15263,"CF-111"
15302,"CF-403"
15316,"CF-132"
15325,"CF-403"
15360,"CF-403"
15362,"CF-213"
15396,"CF-103"
15453,"CF-602"
15466,"CF-245"
15469,"CF-132"
15486,"CF-403"
15517,"CF-108"
15526,"CF-245"
15539,"CF-111"
15541,"CF-206"
15557,"CF-111"
15566,"CF-123"
15598,"CF-218"
15600,"CF-117"
15612,"CF-125"
15633,"CF-403"
15637,"CF-128"
15654,"CF-413"
15683,"CF-131"
15703,"CF-123"
15736,"CF-218"
15790,"CF-403"
15811,"CF-119"
15814,"CF-107"
15838,"CF-109"
15873,"CF-402"
15886,"CF-117"
15901,"CF-119"
15931,"CF-103"
15933,"CF-108"
15952,"CF-503"
15956,"CF-402"
15975,"CF-604"
15984,"CF-111"
15991,"CF-111"
16011,"CF-103"
16031,"CF-403"
16058,"CF-115"
16061,"CF-133"
16063,"CF-604"
16077,"CF-134"
16098,"CF-204"
16106,"CF-110"
16139,"CF-105"
16143,"CF-133"
16146,"CF-133"
16164,"CF-403"
16183,"CF-413"
16197,"CF-123"
16200,"CF-420"
16215,"CF-402"
16219,"CF-101"
16225,"CF-420"
16232,"CF-101"
16248,"CF-209"
16264,"CF-604"
16269,"CF-109"
16278,"CF-123"
16281,"CF-111"
16311,"CF-401"
16317,"CF-133"
16327,"CF-413"
16350,"CF-503"
16366,"CF-402"
16370,"CF-103"
16377,"CF-123"
16378,"CF-123"
16419,"CF-111"
16428,"CF-604"
16458,"CF-413"
16475,"CF-242"
16495,"CF-111"
16506,"CF-407"
16518,"CF-133"
16519,"CF-117"
16528,"CF-261"
16543,"CF-111"
16620,"CF-250"
16629,"CF-132"
16641,"CF-111"
16649,"CF-413"
16659,"CF-123"
16672,"CF-245"
16682,"CF-413"
16687,"CF-115"
16691,"CF-202"
16732,"CF-132"
16738,"CF-403"
16786,"CF-604"
16796,"CF-102"
16858,"CF-106"
16904,"CF-111"
16907,"CF-115"
16908,"CF-113"
16931,"CF-114"
16938,"CF-111"
16944,"CF-109"
16948,"CF-128"
16951,"CF-111"
16965,"CF-242"
16966,"CF-111"
16978,"CF-117"
16981,"CF-109"
16986,"CF-111"
16997,"CF-111"
17005,"CF-115"
17011,"CF-128"
17012,"CF-125"
17024,"CF-132"
17028,"CF-604"
17039,"CF-132"
17088,"CF-108"
17094,"CF-242"
17119,"CF-243"
17133,"CF-403"
17151,"CF-123"
17152,"CF-245"
17176,"CF-401"
17181,"CF-111"
17201,"CF-402"
17206,"CF-113"
17207,"CF-111"
17224,"CF-111"
17232,"CF-111"
17236,"CF-123"
17239,"CF-125"
17272,"CF-111"
17273,"CF-125"
17322,"CF-401"
17325,"CF-403"
17362,"CF-115"
17364,"CF-402"
17391,"CF-111"
17400,"CF-109"
17471,"CF-403"
17474,"CF-136"
17535,"CF-604"
17566,"CF-113"
17587,"CF-103"
17590,"CF-407"
17604,"CF-245"
17610,"CF-111"
17616,"CF-413"
17626,"CF-105"
17644,"CF-602"
17688,"CF-222"
17701,"CF-127"
17712,"CF-413"
17715,"CF-109"
17721,"CF-105"
17722,"CF-211"
17732,"CF-242"
17733,"CF-125"
17738,"CF-402"
17742,"CF-407"
17743,"CF-407"
17756,"CF-211"
17769,"CF-211"
17779,"CF-128"
17807,"CF-134"
17814,"CF-403"
17829,"CF-129"
17836,"CF-129"
17841,"CF-212"
17845,"CF-212"
17851,"CF-133"
17854,"CF-212"
17884,"CF-132"
17885,"CF-132"
17903,"CF-114"
17922,"CF-123"
17954,"CF-115"
17956,"CF-420"
17973,"CF-420"
17981,"CF-123"
17983,"CF-212"
17987,"CF-134"
17997,"CF-111"
18057,"CF-108"
18059,"CF-111"
18063,"CF-105"
18065,"CF-113"
18084,"CF-402"
18114,"CF-132"
18130,"CF-245"
18133,"CF-601"
18150,"CF-402"
18154,"CF-123"
18158,"CF-242"
18170,"CF-111"
18178,"CF-123"
18184,"CF-115"
18200,"CF-123"
18218,"CF-219"
18238,"CF-111"
18249,"CF-111"
18266,"CF-206"
18280,"CF-109"
18283,"CF-242"
18293,"CF-245"
18304,"CF-125"
18305,"CF-251"
18312,"CF-111"
18328,"CF-109"
18330,"CF-601"
18336,"CF-602"
18350,"CF-242"
18367,"CF-420"
18379,"CF-134"
18399,"CF-503"
18410,"CF-403"
18412,"CF-129"
18416,"CF-109"
18422,"CF-402"
18445,"CF-109"
18447,"CF-245"
18457,"CF-111"
18481,"CF-402"
18491,"CF-420"
18517,"CF-242"
18520,"CF-218"
18521,"CF-219"
18555,"CF-218"
18578,"CF-261"
18599,"CF-245"
18631,"CF-119"
18649,"CF-132"
18654,"CF-128"
18664,"CF-105"
18676,"CF-109"
18726,"CF-125"
18730,"CF-125"
18761,"CF-261"
18777,"CF-402"
18810,"CF-101"
18820,"CF-123"
18863,"CF-402"
18885,"CF-111"
18895,"CF-109"
18901,"CF-503"
18926,"CF-115"
18931,"CF-250"
18934,"CF-107"
18938,"CF-107"
18959,"CF-101"
18967,"CF-123"
19041,"CF-123"
19074,"CF-604"
19082,"CF-112"
19091,"CF-109"
19102,"CF-602"
19117,"CF-402"
19123,"CF-205"
19134,"CF-115"
19152,"CF-124"
19184,"CF-218"
19221,"CF-413"
19223,"CF-101"
19237,"CF-103"
19250,"CF-221"
19270,"CF-111"
19275,"CF-111"
19329,"CF-132"
19361,"CF-604"
19407,"CF-123"
19411,"CF-252"
19420,"CF-105"
19452,"CF-245"
19463,"CF-602"
19476,"CF-135"
19514,"CF-105"
19529,"CF-115"
19566,"CF-113"
19588,"CF-245"
19617,"CF-101"
19654,"CF-242"
19659,"CF-604"
19667,"CF-604"
19676,"CF-101"
19680,"CF-111"
19690,"CF-402"
19694,"CF-420"
19699,"CF-109"
19704,"CF-124"
19732,"CF-604"
19741,"CF-245"
19779,"CF-123"
19784,"CF-420"
19794,"CF-221"
19846,"CF-124"
19849,"CF-124"
19857,"CF-107"
19858,"CF-604"
19864,"CF-123"
19869,"CF-111"
19871,"CF-402"
19895,"CF-402"
19903,"CF-109"
19919,"CF-103"
19927,"CF-221"
19945,"CF-420"
19946,"CF-111"
19962,"CF-124"
19968,"CF-420"
19971,"CF-110"
19995,"CF-111"
20013,"CF-132"
20056,"CF-111"
20085,"CF-410"
20087,"CF-403"
20088,"CF-133"
20091,"CF-410"
20094,"CF-119"
20150,"CF-111"
20158,"CF-205"
20167,"CF-265"
20187,"CF-107"
20190,"CF-112"
20192,"CF-242"
20205,"CF-106"
20226,"CF-134"
20241,"CF-410"
20244,"CF-123"
20255,"CF-604"
20258,"CF-245"
20272,"CF-123"
20275,"CF-108"
20303,"CF-410"
20309,"CF-602"
20343,"CF-410"
20360,"CF-245"
20374,"CF-109"
20376,"CF-115"
20382,"CF-245"
20384,"CF-604"
20387,"CF-604"
20410,"CF-602"
20463,"CF-111"
20470,"CF-123"
20530,"CF-602"
20570,"CF-132"
20586,"CF-407"
20588,"CF-125"
20590,"CF-410"
20621,"CF-413"
20626,"CF-221"
20633,"CF-111"
20643,"CF-410"
20644,"CF-111"
20657,"CF-245"
20659,"CF-111"
20676,"CF-410"
20677,"CF-410"
20715,"CF-242"
20732,"CF-123"
20753,"CF-115"
20757,"CF-218"
20764,"CF-113"
20767,"CF-413"
20769,"CF-410"
20802,"CF-221"
20804,"CF-410"
20848,"CF-602"
20855,"CF-221"
20903,"CF-105"
20926,"CF-124"
20940,"CF-111"
20941,"CF-602"
20943,"CF-111"
20965,"CF-602"
20981,"CF-109"
21008,"CF-109"
21015,"CF-128"
21018,"CF-602"
21026,"CF-123"
21065,"CF-133"
21070,"CF-111"
21078,"CF-134"
21095,"CF-124"
21101,"CF-103"
21102,"CF-117"
21119,"CF-403"
21133,"CF-111"
21135,"CF-115"
21143,"CF-105"
21147,"CF-410"
21152,"CF-111"
21158,"CF-111"
21240,"CF-402"
21258,"CF-123"
21302,"CF-109"
21311,"CF-604"
21315,"CF-111"
21388,"CF-111"
21399,"CF-602"
21412,"CF-128"
21417,"CF-242"
21418,"CF-111"
21438,"CF-132"
21461,"CF-602"
21497,"CF-114"
21508,"CF-402"
21532,"CF-420"
21549,"CF-111"
21560,"CF-128"
21568,"CF-115"
21590,"CF-105"
21612,"CF-601"
21615,"CF-111"
21621,"CF-111"
21628,"CF-604"
21644,"CF-221"
21665,"CF-108"
21675,"CF-133"
21680,"CF-255"
21683,"CF-123"
21700,"CF-206"
21707,"CF-109"
21726,"CF-115"
21748,"CF-601"
21763,"CF-117"
21768,"CF-122"
21787,"CF-111"
21790,"CF-401"
21799,"CF-410"
21800,"CF-133"
21802,"CF-123"
21833,"CF-101"
21855,"CF-125"
21865,"CF-111"
21875,"CF-111"
21899,"CF-132"
21911,"CF-128"
21914,"CF-221"
21918,"CF-402"
21919,"CF-106"
21966,"CF-111"
21973,"CF-133"
21996,"CF-402"
22046,"CF-133"
22123,"CF-402"
22128,"CF-245"
22140,"CF-404"
22191,"CF-115"
22213,"CF-602"
22226,"CF-111"
22229,"CF-211"
22248,"CF-403"
22268,"CF-105"
22287,"CF-125"
22295,"CF-242"
22305,"CF-125"
22328,"CF-119"
22336,"CF-111"
22342,"CF-221"
22343,"CF-111"
22347,"CF-127"
22348,"CF-115"
22352,"CF-125"
22355,"CF-402"
22365,"CF-254"
22366,"CF-111"
22410,"CF-109"
22445,"CF-242"
22481,"CF-109"
22504,"CF-111"
22505,"CF-420"
22525,"CF-404"
22551,"CF-402"
22588,"CF-206"
22595,"CF-402"
22629,"CF-402"
22636,"CF-109"
22657,"CF-604"
22661,"CF-254"
22686,"CF-242"
22701,"CF-249"
22706,"CF-113"
22730,"CF-402"
22736,"CF-602"
22762,"CF-121"
22803,"CF-404"
22813,"CF-245"
22820,"CF-602"
22824,"CF-403"
22833,"CF-402"
22834,"CF-123"
22850,"CF-402"
22871,"CF-123"
22878,"CF-101"
22893,"CF-602"
22917,"CF-403"
22921,"CF-109"
22924,"CF-402"
22927,"CF-111"
22977,"CF-202"
22978,"CF-115"
22983,"CF-242"
23010,"CF-119"
23016,"CF-221"
23041,"CF-205"
23081,"CF-101"
23116,"CF-127"
23133,"CF-110"
23149,"CF-111"
23165,"CF-111"
23168,"CF-123"
23194,"CF-218"
23202,"CF-109"
23211,"CF-133"
23226,"CF-401"
23244,"CF-212"
23257,"CF-111"
23259,"CF-206"
23263,"CF-111"
23282,"CF-134"
23294,"CF-258"
23311,"CF-410"
23321,"CF-123"
23327,"CF-133"
23332,"CF-605"
23344,"CF-111"
23348,"CF-410"
23353,"CF-410"
23355,"CF-402"
23358,"CF-402"
23364,"CF-133"
23384,"CF-103"
23385,"CF-209"
23394,"CF-242"
23402,"CF-402"
23403,"CF-402"
23415,"CF-404"
23422,"CF-105"
23428,"CF-111"
23443,"CF-115"
23454,"CF-109"
23522,"CF-134"
23523,"CF-410"
23524,"CF-117"
23532,"CF-257"
23545,"CF-134"
23557,"CF-123"
23560,"CF-111"
23561,"CF-413"
23571,"CF-604"
23580,"CF-221"
23586,"CF-404"
23592,"CF-109"
23658,"CF-604"
23662,"CF-604"
23670,"CF-111"
23673,"CF-132"
23680,"CF-219"
23693,"CF-251"
23732,"CF-111"
23786,"CF-111"
23797,"CF-134"
23803,"CF-135"
23807,"CF-127"
23812,"CF-133"
23818,"CF-111"
23831,"CF-402"
23841,"CF-402"
23844,"CF-101"
23857,"CF-123"
23861,"CF-111"
23872,"CF-602"
23877,"CF-404"
23894,"CF-109"
23898,"CF-103"
23906,"CF-111"
23945,"CF-105"
23960,"CF-402"
23966,"CF-111"
23978,"CF-213"
23999,"CF-105"
24018,"CF-133"
24021,"CF-242"
24024,"CF-123"
24027,"CF-111"
24059,"CF-258"
24075,"CF-109"
24080,"CF-132"
24081,"CF-118"
24084,"CF-132"
24088,"CF-109"
24090,"CF-111"
24093,"CF-115"
24095,"CF-111"
24096,"CF-111"
24101,"CF-133"
24107,"CF-111"
24118,"CF-109"
24135,"CF-404"
24151,"CF-135"
24164,"CF-221"
24166,"CF-417"
24169,"CF-115"
24171,"CF-105"
24180,"CF-402"
24207,"CF-206"
24208,"CF-111"
24237,"CF-136"
24241,"CF-117"
24244,"CF-134"
24247,"CF-113"
24258,"CF-133"
24267,"CF-241"
24272,"CF-111"
24282,"CF-111"
24298,"CF-603"
24310,"CF-242"
24319,"CF-124"
24325,"CF-109"
24348,"CF-125"
24354,"CF-401"
24358,"CF-242"
24364,"CF-111"
24368,"CF-132"
24370,"CF-604"
24376,"CF-111"
24380,"CF-112"
24389,"CF-101"
24404,"CF-115"
24408,"CF-123"
24426,"CF-245"
24472,"CF-242"
24480,"CF-242"
24492,"CF-123"
24515,"CF-115"
24534,"CF-101"
24549,"CF-121"
24560,"CF-125"
24597,"CF-403"
24605,"CF-402"
24609,"CF-603"
24651,"CF-132"
24708,"CF-111"
24724,"CF-402"
24761,"CF-132"
24764,"CF-133"
24773,"CF-601"
24788,"CF-404"
24803,"CF-115"
24813,"CF-132"
24820,"CF-410"
24844,"CF-132"
24846,"CF-242"
24847,"CF-601"
24859,"CF-601"
24865,"CF-115"
24915,"CF-135"
24938,"CF-601"
24942,"CF-219"
24959,"CF-111"
24998,"CF-601"
25005,"CF-123"
25021,"CF-111"
25038,"CF-123"
25044,"CF-109"
25115,"CF-403"
25141,"CF-601"
25144,"CF-248"
25145,"CF-261"
25156,"CF-410"
25161,"CF-401"
25163,"CF-601"
25178,"CF-604"
25182,"CF-242"
25186,"CF-404"
25209,"CF-601"
25215,"CF-410"
25217,"CF-221"
25230,"CF-123"
25249,"CF-402"
25255,"CF-123"
25265,"CF-601"
25315,"CF-132"
25318,"CF-218"
25351,"CF-125"
25373,"CF-135"
25375,"CF-123"
25384,"CF-109"
25399,"CF-111"
25403,"CF-121"
25413,"CF-254"
25415,"CF-401"
25425,"CF-132"
25433,"CF-216"
25441,"CF-123"
25450,"CF-134"
25464,"CF-132"
25468,"CF-126"
25480,"CF-111"
25523,"CF-133"
25543,"CF-132"
25549,"CF-109"
25584,"CF-126"
25589,"CF-233"
25607,"CF-111"
25612,"CF-117"
25613,"CF-103"
25621,"CF-111"
25623,"CF-111"
25627,"CF-202"
25642,"CF-213"
25646,"CF-105"
25651,"CF-133"
25653,"CF-133"
25664,"CF-404"
25676,"CF-133"
25687,"CF-105"
25704,"CF-129"
25710,"CF-128"
25724,"CF-117"
25727,"CF-106"
25739,"CF-111"
25741,"CF-402"
25745,"CF-106"
25748,"CF-117"
25753,"CF-258"
25766,"CF-128"
25776,"CF-601"
25777,"CF-602"
25778,"CF-115"
25797,"CF-101"
25809,"CF-132"
25822,"CF-109"
25826,"CF-413"
25840,"CF-129"
25866,"CF-201"
25885,"CF-124"
25899,"CF-123"
25915,"CF-111"
25918,"CF-402"
25920,"CF-132"
25923,"CF-106"
25939,"CF-402"
25958,"CF-242"
25970,"CF-219"
25978,"CF-602"
25982,"CF-124"
26016,"CF-117"
26018,"CF-106"
26038,"CF-132"
26043,"CF-403"
26044,"CF-111"
26062,"CF-115"
26074,"CF-125"
26077,"CF-133"
26092,"CF-110"
26107,"CF-123"
26108,"CF-402"
26109,"CF-410"
26114,"CF-123"
26123,"CF-601"
26155,"CF-123"
26169,"CF-245"
26170,"CF-402"
26202,"CF-601"
26227,"CF-101"
26245,"CF-132"
26274,"CF-604"
26284,"CF-601"
26318,"CF-237"
26338,"CF-132"
26339,"CF-114"
26343,"CF-106"
26359,"CF-123"
26382,"CF-245"
26386,"CF-132"
26389,"CF-123"
26411,"CF-132"
26420,"CF-402"
26463,"CF-123"
26494,"CF-222"
26505,"CF-403"
26509,"CF-129"
26512,"CF-602"
26524,"CF-107"
26536,"CF-413"
26537,"CF-115"
26546,"CF-111"
26550,"CF-101"
26551,"CF-245"
26567,"CF-128"
26584,"CF-402"
26589,"CF-402"
26629,"CF-206"
26644,"CF-132"
26693,"CF-124"
26705,"CF-111"
26712,"CF-125"
26741,"CF-218"
26758,"CF-123"
26793,"CF-245"
26805,"CF-402"
26820,"CF-402"
26832,"CF-111"
26859,"CF-123"
26868,"CF-111"
26887,"CF-111"
26899,"CF-111"
26926,"CF-123"
26928,"CF-133"
26948,"CF-218"
26955,"CF-132"
26974,"CF-402"
26975,"CF-402"
26990,"CF-111"
26991,"CF-111"
26992,"CF-117"
27008,"CF-218"
27016,"CF-123"
27017,"CF-115"
27023,"CF-111"
27039,"CF-249"
27080,"CF-111"
27096,"CF-109"
27116,"CF-117"
27120,"CF-125"
27141,"CF-220"
27161,"CF-201"
27174,"CF-123"
27184,"CF-111"
27195,"CF-117"
27199,"CF-118"
27204,"CF-111"
27208,"CF-249"
27210,"CF-109"
27251,"CF-123"
27266,"CF-111"
27282,"CF-129"
27290,"CF-402"
27291,"CF-222"
27309,"CF-133"
27313,"CF-132"
27325,"CF-402"
27329,"CF-402"
27355,"CF-119"
27366,"CF-103"
27405,"CF-402"
27406,"CF-109"
27422,"CF-604"
27450,"CF-132"
27455,"CF-125"
27474,"CF-132"
27498,"CF-245"
27503,"CF-250"
27518,"CF-602"
27524,"CF-221"
27548,"CF-109"
27568,"CF-115"
27590,"CF-407"
27602,"CF-114"
27617,"CF-109"
27619,"CF-111"
27630,"CF-133"
27631,"CF-604"
27641,"CF-111"
27672,"CF-604"
27706,"CF-402"
27778,"CF-221"
27779,"CF-605"
27794,"CF-111"
27795,"CF-115"
27814,"CF-242"
27819,"CF-111"
27842,"CF-602"
27847,"CF-132"
27855,"CF-205"
27857,"CF-136"
27860,"CF-132"
27880,"CF-233"
27917,"CF-111"
27922,"CF-111"
27949,"CF-115"
27959,"CF-137"
27970,"CF-123"
27977,"CF-245"
28000,"CF-201"
28011,"CF-245"
28038,"CF-605"
28065,"CF-242"
28078,"CF-117"
28080,"CF-103"
28081,"CF-119"
28086,"CF-115"
28097,"CF-109"
28104,"CF-134"
28109,"CF-123"
28135,"CF-103"
28142,"CF-132"
28162,"CF-125"
28164,"CF-132"
28206,"CF-111"
28211,"CF-241"
28215,"CF-602"
28235,"CF-222"
28269,"CF-132"
28274,"CF-133"
28280,"CF-111"
28294,"CF-402"
28307,"CF-228"
28320,"CF-261"
28335,"CF-205"
28336,"CF-212"
28340,"CF-105"
28373,"CF-133"
28393,"CF-413"
28420,"CF-132"
28451,"CF-109"
28478,"CF-111"
28485,"CF-138"
28495,"CF-407"
28501,"CF-401"
28530,"CF-132"
28555,"CF-111"
28556,"CF-410"
28557,"CF-115"
28559,"CF-219"
28604,"CF-602"
28667,"CF-123"
28706,"CF-242"
28707,"CF-242"
28724,"CF-111"
28728,"CF-242"
28730,"CF-220"
28742,"CF-210"
28756,"CF-221"
28768,"CF-101"
28771,"CF-101"
28774,"CF-111"
28780,"CF-129"
28783,"CF-210"
28798,"CF-402"
28816,"CF-132"
28817,"CF-123"
28826,"CF-401"
28841,"CF-129"
28872,"CF-123"
28879,"CF-111"
28887,"CF-603"
28891,"CF-111"
28928,"CF-124"
28931,"CF-111"
28951,"CF-111"
29012,"CF-123"
29027,"CF-125"
29038,"CF-228"
29042,"CF-129"
29051,"CF-111"
29084,"CF-127"
29091,"CF-115"
29092,"CF-119"
29108,"CF-604"
29121,"CF-601"
29131,"CF-111"
29136,"CF-111"
29144,"CF-221"
29154,"CF-402"
29163,"CF-119"
29182,"CF-601"
29184,"CF-601"
29229,"CF-601"
29242,"CF-129"
29247,"CF-111"
29310,"CF-206"
29312,"CF-109"
29318,"CF-219"
29328,"CF-129"
29336,"CF-132"
29344,"CF-245"
29393,"CF-603"
29399,"CF-125"
29425,"CF-402"
29430,"CF-119"
29438,"CF-101"
29457,"CF-404"
29464,"CF-202"
29469,"CF-106"
29501,"CF-601"
29519,"CF-501"
29532,"CF-242"
29544,"CF-222"
29550,"CF-123"
29558,"CF-111"
29563,"CF-109"
29584,"CF-602"
29591,"CF-115"
29595,"CF-101"
29614,"CF-136"
29636,"CF-108"
29640,"CF-410"
29659,"CF-133"
29685,"CF-133"
29696,"CF-134"
29717,"CF-210"
29745,"CF-123"
29746,"CF-123"
29750,"CF-266"
29769,"CF-109"
29781,"CF-245"
29806,"CF-402"
29813,"CF-132"
29819,"CF-603"
29822,"CF-242"
29829,"CF-218"
29865,"CF-134"
29877,"CF-133"
29898,"CF-410"
29899,"CF-123"
29909,"CF-101"
29917,"CF-211"
29918,"CF-121"
29928,"CF-124"
29941,"CF-115"
29953,"CF-135"
29961,"CF-242"
29991,"CF-402"
29997,"CF-128"
30005,"CF-111"
30008,"CF-111"
30052,"CF-111"
30072,"CF-242"
30083,"CF-264"
30095,"CF-602"
30117,"CF-256"
30122,"CF-115"
30142,"CF-602"
30150,"CF-245"
30160,"CF-135"
30167,"CF-402"
30191,"CF-101"
30197,"CF-111"
30203,"CF-218"
30206,"CF-402"
30209,"CF-252"
30210,"CF-413"
30224,"CF-111"
30230,"CF-404"
30232,"CF-109"
30235,"CF-601"
30248,"CF-402"
30256,"CF-115"
30284,"CF-245"
30308,"CF-111"
30311,"CF-111"
30347,"CF-126"
30348,"CF-602"
30366,"CF-135"
30372,"CF-103"
30375,"CF-129"
30385,"CF-111"
30406,"CF-403"
30410,"CF-252"
30422,"CF-111"
30462,"CF-111"
30465,"CF-123"
30475,"CF-111"
30493,"CF-219"
30512,"CF-134"
30514,"CF-134"
30523,"CF-245"
30554,"CF-233"
30566,"CF-111"
30575,"CF-108"
30577,"CF-135"
30580,"CF-105"
30594,"CF-111"
30595,"CF-119"
30604,"CF-111"
30607,"CF-119"
30608,"CF-245"
30613,"CF-115"
30648,"CF-128"
30669,"CF-111"
30716,"CF-204"
30738,"CF-111"
30741,"CF-245"
30747,"CF-105"
30763,"CF-503"
30777,"CF-133"
30814,"CF-218"
30817,"CF-245"
30833,"CF-119"
30835,"CF-105"
30838,"CF-242"
30841,"CF-212"
30859,"CF-109"
30886,"CF-106"
30898,"CF-109"
30911,"CF-119"
30919,"CF-134"
30926,"CF-221"
30928,"CF-101"
30937,"CF-117"
30942,"CF-602"
30962,"CF-129"
30971,"CF-221"
30981,"CF-115"
30994,"CF-413"
31014,"CF-252"
31021,"CF-132"
31026,"CF-420"
31066,"CF-111"
31070,"CF-602"
31076,"CF-129"
31083,"CF-116"
31119,"CF-402"
31122,"CF-212"
31130,"CF-219"
31190,"CF-123"
31205,"CF-218"
31222,"CF-111"
31229,"CF-115"
31337,"CF-111"
31339,"CF-403"
31360,"CF-601"
31364,"CF-242"
31367,"CF-109"
31370,"CF-111"
31388,"CF-111"
31397,"CF-103"
31415,"CF-111"
31428,"CF-113"
31440,"CF-106"
31463,"CF-135"
31514,"CF-413"
31517,"CF-209"
31538,"CF-404"
31593,"CF-128"
31603,"CF-114"
31637,"CF-602"
31642,"CF-111"
31657,"CF-111"
31662,"CF-221"
31667,"CF-123"
31680,"CF-218"
31681,"CF-233"
31687,"CF-420"
31696,"CF-117"
31710,"CF-111"
31740,"CF-101"
31742,"CF-103"
31760,"CF-242"
31762,"CF-242"
31773,"CF-242"
31778,"CF-101"
31802,"CF-420"
31815,"CF-111"
31833,"CF-134"
31877,"CF-111"
31902,"CF-413"
31917,"CF-111"
31918,"CF-111"
31939,"CF-115"
31975,"CF-127"
31988,"CF-402"
31989,"CF-111"
32040,"CF-111"
32056,"CF-125"
32057,"CF-124"
32071,"CF-602"
32074,"CF-221"
32109,"CF-132"
32110,"CF-111"
32139,"CF-123"
32143,"CF-403"
32146,"CF-413"
32191,"CF-402"
32192,"CF-233"
32260,"CF-261"
32273,"CF-604"
32287,"CF-109"
32296,"CF-105"
32300,"CF-413"
32301,"CF-604"
32314,"CF-111"
32347,"CF-117"
32363,"CF-604"
32373,"CF-413"
32384,"CF-405"
32387,"CF-119"
32398,"CF-261"
32481,"CF-125"
32483,"CF-222"
32495,"CF-125"
32518,"CF-105"
32534,"CF-604"
32549,"CF-101"
32575,"CF-101"
32577,"CF-222"
32591,"CF-103"
32618,"CF-101"
32639,"CF-413"
32656,"CF-128"
32686,"CF-111"
32701,"CF-418"
32729,"CF-111"
32742,"CF-132"
32743,"CF-119"
32745,"CF-107"
32752,"CF-111"
32760,"CF-102"
32765,"CF-415"
32780,"CF-204"
32797,"CF-604"
32808,"CF-111"
32817,"CF-604"
32901,"CF-218"
32908,"CF-402"
32926,"CF-132"
32970,"CF-403"
32993,"CF-413"
32996,"CF-125"
33020,"CF-245"
33027,"CF-604"
33032,"CF-602"
33046,"CF-402"
33051,"CF-403"
33068,"CF-218"
33103,"CF-133"
33163,"CF-401"
33184,"CF-119"
33189,"CF-417"
33191,"CF-132"
33208,"CF-402"
33214,"CF-402"
33226,"CF-220"
33239,"CF-402"
33260,"CF-249"
33272,"CF-245"
33320,"CF-133"
33323,"CF-407"
33324,"CF-402"
33329,"CF-119"
33353,"CF-111"
33375,"CF-602"
33376,"CF-402"
33377,"CF-124"
33423,"CF-402"
33424,"CF-410"
33472,"CF-410"
33485,"CF-603"
33493,"CF-403"
33497,"CF-602"
33498,"CF-134"
33506,"CF-420"
33512,"CF-133"
33535,"CF-403"
33539,"CF-111"
33560,"CF-122"
33592,"CF-410"
33623,"CF-126"
33657,"CF-111"
33663,"CF-136"
33694,"CF-123"
33696,"CF-249"
33701,"CF-401"
33717,"CF-604"
33728,"CF-132"
33740,"CF-604"
33759,"CF-132"
33760,"CF-604"
33791,"CF-402"
33804,"CF-249"
33810,"CF-402"
33822,"CF-402"
33823,"CF-402"
33845,"CF-211"
33856,"CF-402"
33858,"CF-402"
33868,"CF-115"
33881,"CF-121"
33884,"CF-118"
33924,"CF-101"
33927,"CF-205"
33943,"CF-123"
33959,"CF-125"
33977,"CF-111"
33985,"CF-125"
34005,"CF-106"
34046,"CF-129"
34055,"CF-125"
34061,"CF-402"
34064,"CF-109"
34098,"CF-233"
34112,"CF-604"
34114,"CF-402"
34129,"CF-221"
34140,"CF-245"
34165,"CF-111"
34181,"CF-401"
34236,"CF-402"
34267,"CF-111"
34279,"CF-111"
34328,"CF-603"
34338,"CF-410"
34346,"CF-111"
34362,"CF-402"
34369,"CF-132"
34384,"CF-111"
34391,"CF-410"
34399,"CF-501"
34411,"CF-242"
34426,"CF-121"
34449,"CF-413"
34475,"CF-126"
34494,"CF-111"
34507,"CF-131"
34518,"CF-249"
34526,"CF-125"
34532,"CF-134"
34533,"CF-417"
34556,"CF-258"
34586,"CF-133"
34589,"CF-602"
34622,"CF-109"
34647,"CF-123"
34669,"CF-211"
34680,"CF-111"
34685,"CF-417"
34688,"CF-108"
34710,"CF-123"
34747,"CF-402"
34751,"CF-121"
34804,"CF-133"
34809,"CF-402"
34838,"CF-413"
34841,"CF-410"
34855,"CF-218"
34868,"CF-109"
34907,"CF-117"
34914,"CF-111"
34917,"CF-403"
34922,"CF-111"
34941,"CF-117"
34945,"CF-402"
34955,"CF-242"
34967,"CF-101"
34968,"CF-108"
34970,"CF-111"
34974,"CF-123"
34984,"CF-211"
34990,"CF-404"
35015,"CF-402"
35054,"CF-604"
35070,"CF-132"
35080,"CF-402"
35101,"CF-109"
35102,"CF-242"
35106,"CF-403"
35114,"CF-111"
35127,"CF-115"
35129,"CF-402"
35160,"CF-121"
35172,"CF-134"
35173,"CF-105"
35180,"CF-121"
35182,"CF-111"
35183,"CF-604"
35184,"CF-123"
35186,"CF-413"
35202,"CF-109"
35217,"CF-115"
35231,"CF-111"
35234,"CF-413"
35250,"CF-402"
35264,"CF-216"
35279,"CF-105"
35288,"CF-202"
35318,"CF-401"
35329,"CF-111"
35353,"CF-121"
35405,"CF-216"
35416,"CF-403"
35443,"CF-111"
35451,"CF-111"
35460,"CF-413"
35464,"CF-132"
35475,"CF-134"
35487,"CF-123"
35522,"CF-402"
35537,"CF-105"
35552,"CF-241"
35557,"CF-113"
35566,"CF-111"
35588,"CF-241"
35597,"CF-267"
35600,"CF-407"
35624,"CF-136"
35626,"CF-402"
35627,"CF-103"
35628,"CF-133"
35653,"CF-233"
35664,"CF-109"
35667,"CF-403"
35675,"CF-233"
35684,"CF-601"
35695,"CF-242"
35725,"CF-133"
35730,"CF-245"
35734,"CF-119"
35740,"CF-105"
35759,"CF-123"
35764,"CF-132"
35766,"CF-242"
35772,"CF-245"
35795,"CF-123"
35800,"CF-132"
35802,"CF-137"
35808,"CF-133"
35817,"CF-132"
35841,"CF-117"
35846,"CF-402"
35848,"CF-117"
35850,"CF-133"
35886,"CF-105"
35898,"CF-218"
35905,"CF-105"
35912,"CF-132"
35980,"CF-111"
36013,"CF-105"
36018,"CF-111"
36031,"CF-245"
36033,"CF-111"
36061,"CF-221"
36068,"CF-245"
36071,"CF-124"
36078,"CF-111"
36079,"CF-123"
36098,"CF-123"
36156,"CF-123"
36281,"CF-245"
36284,"CF-119"
36312,"CF-119"
36360,"CF-125"
36383,"CF-111"
36398,"CF-401"
36415,"CF-132"
36435,"CF-266"
36443,"CF-134"
36445,"CF-402"
36448,"CF-101"
36459,"CF-101"
36472,"CF-413"
36483,"CF-129"
36487,"CF-105"
36560,"CF-111"
36614,"CF-111"
36643,"CF-420"
36654,"CF-119"
36677,"CF-233"
36694,"CF-243"
36699,"CF-242"
36758,"CF-103"
36778,"CF-125"
36801,"CF-111"
36803,"CF-605"
36841,"CF-245"
36854,"CF-123"
36857,"CF-129"
36868,"CF-123"
36869,"CF-402"
36880,"CF-105"
36884,"CF-105"
36885,"CF-111"
36890,"CF-111"
36914,"CF-123"
36924,"CF-410"
36935,"CF-604"
36937,"CF-111"
36946,"CF-105"
36965,"CF-245"
36976,"CF-402"
36993,"CF-105"
37012,"CF-129"
37049,"CF-101"
37056,"CF-123"
37058,"CF-108"
37068,"CF-113"
37080,"CF-107"
37099,"CF-125"
37102,"CF-111"
37111,"CF-402"
37112,"CF-413"
37118,"CF-132"
37141,"CF-402"
37183,"CF-109"
37189,"CF-111"
37193,"CF-111"
37197,"CF-413"
37207,"CF-413"
37211,"CF-604"
37213,"CF-413"
37266,"CF-105"
37278,"CF-125"
37284,"CF-105"
37327,"CF-403"
37335,"CF-111"
37339,"CF-111"
37345,"CF-242"
37363,"CF-105"
37392,"CF-402"
37404,"CF-119"
37426,"CF-111"
37448,"CF-604"
37455,"CF-111"
37470,"CF-117"
37475,"CF-108"
37477,"CF-201"
37504,"CF-413"
37510,"CF-420"
37521,"CF-101"
37526,"CF-132"
37527,"CF-420"
37531,"CF-124"
37567,"CF-245"
37572,"CF-134"
37603,"CF-402"
37616,"CF-413"
37617,"CF-402"
37619,"CF-402"
37628,"CF-261"
37634,"CF-402"
37641,"CF-242"
37665,"CF-119"
37687,"CF-111"
37715,"CF-402"
37754,"CF-123"
37761,"CF-402"
37767,"CF-111"
37770,"CF-132"
37775,"CF-117"
37800,"CF-206"
37808,"CF-604"
37870,"CF-604"
37877,"CF-115"
37881,"CF-242"
37882,"CF-209"
37887,"CF-123"
37890,"CF-242"
37900,"CF-117"
37924,"CF-115"
37936,"CF-211"
37940,"CF-111"
37942,"CF-127"
37947,"CF-111"
37970,"CF-125"
37994,"CF-111"
38003,"CF-101"
38030,"CF-135"
38034,"CF-109"
38040,"CF-136"
38042,"CF-101"
38043,"CF-403"
38045,"CF-128"
38050,"CF-123"
38055,"CF-407"
38058,"CF-115"
38067,"CF-105"
38096,"CF-136"
38097,"CF-403"
38101,"CF-101"
38115,"CF-111"
38130,"CF-413"
38132,"CF-245"
38172,"CF-105"
38177,"CF-119"
38186,"CF-105"
38197,"CF-245"
38219,"CF-403"
38236,"CF-119"
38241,"CF-420"
38248,"CF-101"
38249,"CF-111"
38252,"CF-133"
38254,"CF-105"
38285,"CF-134"
38299,"CF-102"
38303,"CF-105"
38307,"CF-105"
38323,"CF-242"
38349,"CF-245"
38354,"CF-101"
38363,"CF-125"
38379,"CF-113"
38392,"CF-132"
38413,"CF-403"
38414,"CF-111"
38430,"CF-136"
38434,"CF-407"
38440,"CF-111"
38442,"CF-602"
38449,"CF-115"
38461,"CF-105"
38466,"CF-111"
38488,"CF-218"
38496,"CF-218"
38499,"CF-252"
38505,"CF-117"
38507,"CF-111"
38533,"CF-103"
38544,"CF-111"
38547,"CF-111"
38556,"CF-403"
38565,"CF-105"
38583,"CF-218"
38594,"CF-123"
38595,"CF-219"
38600,"CF-123"
38604,"CF-413"
38631,"CF-111"
38646,"CF-111"
38648,"CF-115"
38656,"CF-123"
38686,"CF-249"
38701,"CF-101"
38790,"CF-602"
38792,"CF-128"
38820,"CF-111"
38828,"CF-109"
38835,"CF-106"
38844,"CF-601"
38849,"CF-413"
38860,"CF-133"
38872,"CF-404"
38873,"CF-132"
38882,"CF-103"
38898,"CF-402"
38906,"CF-106"
38910,"CF-602"
38916,"CF-242"
38932,"CF-413"
38934,"CF-128"
39067,"CF-105"
39091,"CF-118"
39113,"CF-109"
39126,"CF-413"
39136,"CF-107"
39140,"CF-413"
39147,"CF-132"
39173,"CF-413"
39174,"CF-601"
39178,"CF-123"
39204,"CF-402"
39215,"CF-126"
39234,"CF-113"
39241,"CF-111"
39243,"CF-103"
39246,"CF-115"
39287,"CF-111"
39303,"CF-403"
39307,"CF-109"
39311,"CF-123"
39343,"CF-111"
39344,"CF-101"
39348,"CF-415"
39352,"CF-261"
39360,"CF-127"
39375,"CF-123"
39384,"CF-403"
39389,"CF-242"
39395,"CF-127"
39408,"CF-402"
39425,"CF-402"
39426,"CF-403"
39430,"CF-101"
39431,"CF-111"
39455,"CF-403"
39490,"CF-109"
39493,"CF-413"
39497,"CF-132"
39510,"CF-111"
39527,"CF-111"
39528,"CF-211"
39530,"CF-117"
39556,"CF-123"
39571,"CF-403"
39614,"CF-404"
39627,"CF-103"
39640,"CF-403"
39652,"CF-132"
39659,"CF-111"
39661,"CF-124"
39669,"CF-111"
39685,"CF-101"
39708,"CF-132"
39733,"CF-111"
39744,"CF-123"
39749,"CF-128"
39750,"CF-220"
39753,"CF-109"
39754,"CF-420"
39757,"CF-111"
39777,"CF-119"
39781,"CF-604"
39797,"CF-404"
39815,"CF-218"
39825,"CF-111"
39829,"CF-604"
39830,"CF-604"
39844,"CF-403"
39850,"CF-109"
39854,"CF-103"
39858,"CF-136"
39872,"CF-114"
39879,"CF-221"
39884,"CF-115"
39886,"CF-119"
39890,"CF-114"
39895,"CF-417"
39898,"CF-218"
39917,"CF-117"
39939,"CF-410"
39944,"CF-124"
39945,"CF-105"
39966,"CF-403"
39976,"CF-106"
39983,"CF-123"
39992,"CF-128"
40004,"CF-602"
40006,"CF-107"
40007,"CF-211"
40011,"CF-111"
40012,"CF-111"
40021,"CF-123"
40036,"CF-105"
40047,"CF-245"
40061,"CF-111"
40071,"CF-103"
40072,"CF-604"
40082,"CF-111"
40088,"CF-127"
40090,"CF-101"
40095,"CF-123"
40097,"CF-267"
40107,"CF-403"
40114,"CF-602"
40133,"CF-111"
40135,"CF-105"
40153,"CF-403"
40154,"CF-128"
40166,"CF-413"
40181,"CF-403"
40186,"CF-402"
40192,"CF-111"
40201,"CF-105"
40213,"CF-123"
40227,"CF-123"
40228,"CF-403"
40240,"CF-210"
40251,"CF-201"
40290,"CF-413"
40310,"CF-402"
40314,"CF-103"
40330,"CF-403"
40374,"CF-402"
40392,"CF-254"
40409,"CF-245"
40417,"CF-403"
40430,"CF-242"
40457,"CF-111"
40458,"CF-402"
40463,"CF-402"
40471,"CF-125"
40489,"CF-605"
40536,"CF-124"
40579,"CF-132"
40617,"CF-105"
40621,"CF-402"
40632,"CF-117"
40634,"CF-103"
40650,"CF-245"
40696,"CF-111"
40698,"CF-123"
40726,"CF-103"
40727,"CF-601"
40729,"CF-132"
40735,"CF-105"
40750,"CF-218"
40752,"CF-102"
40756,"CF-105"
40757,"CF-123"
40762,"CF-123"
40763,"CF-132"
40784,"CF-420"
40792,"CF-123"
40830,"CF-420"
40831,"CF-403"
40857,"CF-101"
40862,"CF-132"
40864,"CF-107"
40870,"CF-125"
40878,"CF-602"
40893,"CF-245"
40936,"CF-503"
40986,"CF-111"
40989,"CF-604"
40994,"CF-402"
41001,"CF-123"
41013,"CF-111"
41014,"CF-403"
41019,"CF-103"
41022,"CF-111"
41025,"CF-233"
41027,"CF-111"
41042,"CF-402"
41047,"CF-245"
41068,"CF-402"
41072,"CF-245"
41079,"CF-220"
41082,"CF-103"
41102,"CF-111"
41104,"CF-245"
41106,"CF-111"
41110,"CF-111"
41112,"CF-117"
41120,"CF-402"
41136,"CF-111"
41143,"CF-245"
41156,"CF-402"
41167,"CF-402"
41168,"CF-242"
41170,"CF-237"
41180,"CF-245"
41185,"CF-245"
41194,"CF-402"
41211,"CF-206"
41241,"CF-134"
41255,"CF-103"
41264,"CF-604"
41270,"CF-101"
41289,"CF-111"
41307,"CF-133"
41319,"CF-233"
41323,"CF-218"
41324,"CF-101"
41327,"CF-402"
41353,"CF-402"
41354,"CF-133"
41356,"CF-133"
41363,"CF-503"
41388,"CF-119"
41394,"CF-125"
41402,"CF-413"
41423,"CF-402"
41429,"CF-420"
41440,"CF-101"
41450,"CF-123"
41461,"CF-242"
41469,"CF-115"
41496,"CF-111"
41510,"CF-124"
41515,"CF-204"
41523,"CF-135"
41525,"CF-420"
41548,"CF-123"
41569,"CF-111"
41582,"CF-101"
41586,"CF-503"
41598,"CF-103"
41600,"CF-133"
41628,"CF-133"
41634,"CF-126"
41643,"CF-245"
41651,"CF-413"
41656,"CF-125"
41665,"CF-109"
41669,"CF-413"
41739,"CF-113"
41742,"CF-413"
41749,"CF-605"
41757,"CF-402"
41760,"CF-402"
41811,"CF-503"
41813,"CF-102"
41834,"CF-413"
41835,"CF-133"
41856,"CF-402"
41859,"CF-110"
41875,"CF-401"
41889,"CF-220"
41890,"CF-221"
41895,"CF-133"
41927,"CF-605"
41935,"CF-245"
41952,"CF-242"
41957,"CF-133"
41958,"CF-133"
41997,"CF-503"
41999,"CF-402"
42003,"CF-133"
42013,"CF-242"
42016,"CF-403"
42020,"CF-242"
42022,"CF-604"
42030,"CF-604"
42044,"CF-402"
42102,"CF-109"
42105,"CF-111"
42116,"CF-242"
42119,"CF-245"
42133,"CF-402"
42135,"CF-111"
42137,"CF-503"
42178,"CF-602"
42245,"CF-111"
42261,"CF-264"
42278,"CF-111"
42308,"CF-108"
42324,"CF-219"
42359,"CF-418"
42375,"CF-219"
42377,"CF-604"
42467,"CF-111"
42468,"CF-117"
42523,"CF-123"
42533,"CF-413"
42580,"CF-210"
42613,"CF-602"
42634,"CF-123"
42659,"CF-201"
42673,"CF-119"
42686,"CF-402"
42692,"CF-218"
42708,"CF-111"
42713,"CF-111"
42724,"CF-124"
42732,"CF-420"
42744,"CF-108"
42759,"CF-111"
42777,"CF-115"
42786,"CF-111"
42790,"CF-403"
42800,"CF-109"
42803,"CF-111"
42806,"CF-109"
42810,"CF-117"
42829,"CF-111"
42880,"CF-123"
42887,"CF-105"
42906,"CF-123"
42909,"CF-109"
42940,"CF-201"
42947,"CF-222"
42962,"CF-101"
42975,"CF-602"
42996,"CF-218"
43009,"CF-123"
43011,"CF-115"
43013,"CF-242"
43041,"CF-413"
43055,"CF-123"
43065,"CF-109"
43086,"CF-128"
43087,"CF-111"
43104,"CF-111"
43110,"CF-242"
43120,"CF-105"
43122,"CF-132"
43165,"CF-111"
43184,"CF-111"
43217,"CF-245"
43230,"CF-109"
43243,"CF-218"
43264,"CF-108"
43267,"CF-413"
43299,"CF-111"
43303,"CF-108"
43331,"CF-402"
43337,"CF-111"
43350,"CF-111"
43353,"CF-105"
43357,"CF-111"
43404,"CF-111"
43406,"CF-111"
43452,"CF-221"
43465,"CF-111"
43492,"CF-103"
43503,"CF-604"
43522,"CF-413"
43526,"CF-242"
43528,"CF-111"
43530,"CF-115"
43531,"CF-113"
43532,"CF-101"
43541,"CF-402"
43557,"CF-109"
43568,"CF-233"
43579,"CF-111"
43594,"CF-133"
43602,"CF-113"
43605,"CF-119"
43606,"CF-402"
43609,"CF-136"
43659,"CF-111"
43666,"CF-125"
43694,"CF-202"
43718,"CF-111"
43723,"CF-105"
43744,"CF-123"
43752,"CF-402"
43753,"CF-402"
43768,"CF-124"
43780,"CF-242"
43801,"CF-403"
43811,"CF-233"
43824,"CF-206"
43830,"CF-203"
43840,"CF-115"
43841,"CF-115"
43848,"CF-124"
43871,"CF-101"
43887,"CF-111"
43899,"CF-242"
43902,"CF-402"
43937,"CF-115"
43942,"CF-209"
43945,"CF-245"
43996,"CF-604"
43999,"CF-218"
44006,"CF-209"
44028,"CF-111"
44040,"CF-101"
44041,"CF-109"
44042,"CF-402"
44048,"CF-111"
44057,"CF-242"
44063,"CF-413"
44071,"CF-402"
44136,"CF-125"
44153,"CF-111"
44176,"CF-245"
44207,"CF-126"
44213,"CF-602"
44229,"CF-604"
44266,"CF-261"
44269,"CF-413"
44273,"CF-119"
44290,"CF-123"
44312,"CF-109"
44324,"CF-420"
44360,"CF-111"
44391,"CF-108"
44422,"CF-109"
44432,"CF-245"
44433,"CF-123"
44526,"CF-111"
44583,"CF-133"
44595,"CF-413"
44599,"CF-403"
44611,"CF-102"
44613,"CF-111"
44616,"CF-105"
44705,"CF-420"
44724,"CF-123"
44740,"CF-111"
44748,"CF-403"
44776,"CF-257"
44801,"CF-101"
44807,"CF-420"
44811,"CF-123"
44820,"CF-218"
44832,"CF-245"
44860,"CF-111"
44871,"CF-221"
44883,"CF-106"
44897,"CF-123"
44930,"CF-420"
44947,"CF-132"
44949,"CF-111"
44971,"CF-123"
44988,"CF-101"
44991,"CF-111"
45002,"CF-115"
45043,"CF-233"
45052,"CF-602"
45062,"CF-111"
45087,"CF-123"
45093,"CF-119"
45095,"CF-105"
45144,"CF-124"
45153,"CF-111"
45160,"CF-134"
45164,"CF-101"
45167,"CF-105"
45190,"CF-402"
45193,"CF-111"
45216,"CF-101"
45217,"CF-111"
45234,"CF-602"
45304,"CF-111"
45320,"CF-602"
45331,"CF-124"
45334,"CF-245"
45337,"CF-242"
45343,"CF-602"
45345,"CF-111"
45353,"CF-111"
45372,"CF-242"
45380,"CF-123"
45402,"CF-121"
45416,"CF-117"
45436,"CF-121"
45438,"CF-602"
45452,"CF-602"
45457,"CF-110"
45464,"CF-134"
45465,"CF-123"
45466,"CF-604"
45485,"CF-132"
45498,"CF-218"
45517,"CF-413"
45521,"CF-404"
45526,"CF-404"
45539,"CF-111"
45540,"CF-124"
45549,"CF-101"
45567,"CF-233"
45571,"CF-111"
45583,"CF-602"
45589,"CF-103"
45592,"CF-115"
45593,"CF-115"
45603,"CF-124"
45629,"CF-602"
45646,"CF-242"
45666,"CF-111"
45687,"CF-402"
45722,"CF-402"
45745,"CF-125"
45751,"CF-109"
45779,"CF-134"
45800,"CF-258"
45808,"CF-604"
45822,"CF-111"
45841,"CF-109"
45844,"CF-101"
45867,"CF-111"
45871,"CF-403"
45873,"CF-111"
45890,"CF-245"
45903,"CF-413"
45906,"CF-117"
45928,"CF-401"
45937,"CF-245"
45941,"CF-402"
45967,"CF-242"
45973,"CF-113"
46009,"CF-134"
46015,"CF-111"
46023,"CF-410"
46050,"CF-111"
46059,"CF-122"
46089,"CF-132"
46127,"CF-413"
46134,"CF-402"
46162,"CF-602"
46248,"CF-402"
46268,"CF-602"
46272,"CF-125"
46282,"CF-204"
46298,"CF-119"
46301,"CF-111"
46317,"CF-601"
46341,"CF-119"
46348,"CF-402"
46357,"CF-135"
46373,"CF-604"
46386,"CF-604"
46395,"CF-243"
46398,"CF-212"
46415,"CF-420"
46417,"CF-123"
46419,"CF-123"
46453,"CF-105"
46474,"CF-111"
46476,"CF-134"
46477,"CF-605"
46492,"CF-126"
46506,"CF-111"
46514,"CF-604"
46516,"CF-133"
46549,"CF-602"
46572,"CF-119"
46585,"CF-213"
46588,"CF-402"
46596,"CF-405"
46605,"CF-602"
46631,"CF-111"
46633,"CF-220"
46650,"CF-604"
46651,"CF-605"
46742,"CF-113"
46759,"CF-101"
46787,"CF-111"
46800,"CF-123"
46806,"CF-107"
46865,"CF-124"
46884,"CF-123"
46923,"CF-111"
46931,"CF-604"
46940,"CF-123"
46970,"CF-402"
46972,"CF-402"
46975,"CF-402"
46980,"CF-209"
46983,"CF-134"
47020,"CF-242"
47046,"CF-420"
47050,"CF-402"
47058,"CF-503"
47060,"CF-125"
47064,"CF-123"
47091,"CF-128"
47092,"CF-245"
47116,"CF-103"
47146,"CF-107"
47159,"CF-403"
47214,"CF-101"
47230,"CF-218"
47236,"CF-111"
47248,"CF-107"
47295,"CF-128"
47297,"CF-109"
47378,"CF-602"
47388,"CF-123"
47425,"CF-261"
47431,"CF-133"
47443,"CF-126"
47449,"CF-249"
47467,"CF-111"
47499,"CF-134"
47528,"CF-602"
47595,"CF-604"
47615,"CF-604"
47626,"CF-601"
47642,"CF-132"
47684,"CF-602"
47685,"CF-111"
47686,"CF-501"
47693,"CF-123"
47697,"CF-111"
47710,"CF-111"
47719,"CF-133"
47763,"CF-109"
47770,"CF-132"
47795,"CF-117"
47797,"CF-123"
47799,"CF-219"
47805,"CF-218"
47821,"CF-117"
47832,"CF-105"
47845,"CF-101"
47862,"CF-129"
47870,"CF-403"
47874,"CF-123"
47898,"CF-403"
47919,"CF-111"
47951,"CF-602"
47966,"CF-133"
47985,"CF-137"
47991,"CF-103"
48016,"CF-111"
48029,"CF-602"
48049,"CF-111"
48117,"CF-111"
48149,"CF-132"
48150,"CF-205"
48151,"CF-109"
48158,"CF-126"
48159,"CF-126"
48160,"CF-403"
48161,"CF-132"
48184,"CF-115"
48198,"CF-601"
48202,"CF-102"
48206,"CF-110"
48241,"CF-602"
48242,"CF-111"
48288,"CF-604"
48312,"CF-602"
48316,"CF-105"
48336,"CF-129"
48343,"CF-258"
48355,"CF-111"
48369,"CF-124"
48381,"CF-213"
48412,"CF-111"
48456,"CF-106"
48457,"CF-115"
48459,"CF-113"
48491,"CF-413"
48497,"CF-123"
48498,"CF-111"
48500,"CF-109"
48515,"CF-403"
48570,"CF-212"
48599,"CF-115"
48600,"CF-101"
48629,"CF-111"
48687,"CF-109"
48714,"CF-602"
48725,"CF-111"
48740,"CF-111"
48741,"CF-413"
48772,"CF-125"
48776,"CF-123"
48800,"CF-134"
48831,"CF-403"
48850,"CF-109"
48857,"CF-212"
48901,"CF-127"
48937,"CF-119"
48949,"CF-111"
48968,"CF-115"
48991,"CF-105"
49016,"CF-111"
49024,"CF-604"
49045,"CF-134"
49057,"CF-604"
49059,"CF-136"
49064,"CF-117"
49065,"CF-125"
49090,"CF-401"
49106,"CF-420"
49109,"CF-111"
49113,"CF-111"
49143,"CF-133"
49145,"CF-111"
49161,"CF-109"
49172,"CF-604"
49176,"CF-237"
49179,"CF-117"
49220,"CF-111"
49221,"CF-115"
49230,"CF-111"
49231,"CF-133"
49255,"CF-111"
49268,"CF-242"
49269,"CF-111"
49277,"CF-602"
49317,"CF-111"
49341,"CF-242"
49347,"CF-403"
49354,"CF-103"
49368,"CF-602"
49372,"CF-218"
49411,"CF-111"
49415,"CF-125"
49442,"CF-604"
49459,"CF-134"
49471,"CF-218"
49476,"CF-115"
49503,"CF-218"
49534,"CF-111"
49548,"CF-125"
49560,"CF-134"
49567,"CF-403"
49600,"CF-125"
49623,"CF-111"
49625,"CF-602"
49636,"CF-413"
49659,"CF-111"
49687,"CF-111"
49692,"CF-233"
49696,"CF-111"
49720,"CF-111"
49723,"CF-128"
49757,"CF-413"
49766,"CF-602"
49768,"CF-111"
49780,"CF-123"
49783,"CF-108"
49798,"CF-402"
49859,"CF-109"
49860,"CF-601"
49898,"CF-109"
49900,"CF-135"
49922,"CF-105"
49925,"CF-111"
49937,"CF-605"
49948,"CF-249"
50005,"CF-413"
50083,"CF-117"
50104,"CF-205"
50120,"CF-124"
50122,"CF-109"
50140,"CF-501"
50160,"CF-403"
50165,"CF-123"
50177,"CF-107"
50220,"CF-413"
50223,"CF-124"
50224,"CF-237"
50233,"CF-109"
50236,"CF-132"
50266,"CF-413"
50305,"CF-249"
50306,"CF-101"
50325,"CF-111"
50328,"CF-109"
50380,"CF-109"
50393,"CF-109"
50398,"CF-109"
50427,"CF-115"
50454,"CF-125"
50490,"CF-132"
50505,"CF-413"
50514,"CF-113"
50525,"CF-125"
50529,"CF-111"
50559,"CF-407"
50566,"CF-123"
50580,"CF-119"
50585,"CF-123"
50591,"CF-602"
50606,"CF-402"
50617,"CF-129"
50676,"CF-413"
50684,"CF-218"
50692,"CF-132"
50763,"CF-503"
50795,"CF-103"
50800,"CF-111"
50811,"CF-115"
50815,"CF-402"
50835,"CF-403"
50929,"CF-601"
50932,"CF-125"
50944,"CF-105"
50966,"CF-209"
50973,"CF-105"
50982,"CF-111"
51011,"CF-105"
51024,"CF-123"
51035,"CF-221"
51044,"CF-413"
51072,"CF-132"
51094,"CF-402"
51098,"CF-105"
51137,"CF-102"
51142,"CF-202"
51163,"CF-605"
51166,"CF-132"
51170,"CF-111"
51171,"CF-242"
51210,"CF-129"
51215,"CF-605"
51219,"CF-111"
51236,"CF-111"
51254,"CF-111"
51290,"CF-111"
51293,"CF-261"
51299,"CF-115"
51306,"CF-132"
51318,"CF-105"
51319,"CF-105"
51324,"CF-206"
51363,"CF-413"
51365,"CF-133"
51377,"CF-125"
51381,"CF-111"
51421,"CF-402"
51429,"CF-111"
51430,"CF-135"
51478,"CF-134"
51536,"CF-245"
51542,"CF-117"
51552,"CF-602"
51563,"CF-117"
51569,"CF-602"
51603,"CF-123"
51636,"CF-403"
51645,"CF-413"
51684,"CF-602"
51685,"CF-111"
51717,"CF-123"
51725,"CF-111"
51744,"CF-109"
51783,"CF-111"
51793,"CF-242"
51798,"CF-602"
51811,"CF-125"
51816,"CF-605"
51839,"CF-245"
51841,"CF-124"
51845,"CF-221"
51852,"CF-119"
51862,"CF-123"
51878,"CF-413"
51889,"CF-413"
51904,"CF-604"
51917,"CF-132"
51920,"CF-123"
51992,"CF-105"
52007,"CF-601"
52017,"CF-401"
52038,"CF-402"
52054,"CF-210"
52115,"CF-603"
52126,"CF-402"
52137,"CF-123"
52148,"CF-111"
52149,"CF-108"
52150,"CF-402"
52152,"CF-109"
52176,"CF-601"
52180,"CF-603"
52181,"CF-420"
52189,"CF-604"
52202,"CF-132"
52207,"CF-101"
52228,"CF-220"
52238,"CF-420"
52241,"CF-111"
52243,"CF-111"
52249,"CF-604"
52271,"CF-602"
52274,"CF-132"
52281,"CF-119"
52285,"CF-129"
52300,"CF-601"
52311,"CF-402"
52367,"CF-105"
52398,"CF-245"
52418,"CF-111"
52451,"CF-402"
52472,"CF-123"
52504,"CF-602"
52506,"CF-602"
52508,"CF-110"
52520,"CF-123"
52543,"CF-109"
52556,"CF-109"
52583,"CF-111"
52584,"CF-109"
52585,"CF-220"
52586,"CF-209"
52624,"CF-109"
52636,"CF-106"
52642,"CF-602"
52661,"CF-407"
52671,"CF-123"
52672,"CF-101"
52701,"CF-111"
52710,"CF-123"
52720,"CF-249"
52735,"CF-218"
52776,"CF-111"
52778,"CF-413"
52798,"CF-111"
52801,"CF-111"
52803,"CF-105"
52810,"CF-111"
52835,"CF-413"
52849,"CF-101"
52855,"CF-111"
52858,"CF-125"
52867,"CF-413"
52872,"CF-111"
52894,"CF-242"
52898,"CF-111"
52945,"CF-602"
52950,"CF-116"
52954,"CF-105"
52964,"CF-602"
52973,"CF-413"
52999,"CF-133"
53010,"CF-111"
53032,"CF-417"
53038,"CF-118"
53053,"CF-105"
53062,"CF-108"
53063,"CF-402"
53074,"CF-111"
53088,"CF-126"
53151,"CF-128"
53153,"CF-135"
53260,"CF-111"
53279,"CF-212"
53282,"CF-117"
53323,"CF-123"
53338,"CF-123"
53365,"CF-604"
53373,"CF-129"
53396,"CF-109"
53408,"CF-219"
53412,"CF-402"
53435,"CF-602"
53445,"CF-111"
53446,"CF-103"
53448,"CF-245"
53461,"CF-117"
53462,"CF-119"
53499,"CF-111"
53524,"CF-413"
53547,"CF-410"
53555,"CF-403"
53566,"CF-124"
53577,"CF-117"
53586,"CF-602"
53591,"CF-109"
53666,"CF-413"
53670,"CF-111"
53725,"CF-134"
53750,"CF-123"
53752,"CF-123"
53761,"CF-604"
53774,"CF-111"
53781,"CF-101"
53812,"CF-245"
53828,"CF-109"
53830,"CF-134"
53842,"CF-111"
53845,"CF-125"
53855,"CF-111"
53862,"CF-129"
53866,"CF-134"
53903,"CF-403"
53907,"CF-132"
53919,"CF-413"
53921,"CF-111"
53923,"CF-111"
53926,"CF-245"
53935,"CF-123"
54050,"CF-134"
54053,"CF-111"
54073,"CF-220"
54096,"CF-109"
54113,"CF-101"
54125,"CF-602"
54181,"CF-127"
54194,"CF-117"
54217,"CF-123"
54230,"CF-602"
54257,"CF-126"
54264,"CF-109"
54269,"CF-105"
54292,"CF-109"
54299,"CF-111"
54303,"CF-403"
54320,"CF-124"
54325,"CF-501"
54352,"CF-242"
54400,"CF-249"
54417,"CF-125"
54423,"CF-115"
54426,"CF-101"
54441,"CF-132"
54455,"CF-125"
54458,"CF-123"
54467,"CF-233"
54470,"CF-125"
54479,"CF-132"
54484,"CF-123"
54491,"CF-245"
54518,"CF-413"
54550,"CF-417"
54556,"CF-134"
54563,"CF-417"
54574,"CF-111"
54621,"CF-105"
54644,"CF-402"
54660,"CF-111"
54666,"CF-220"
54668,"CF-413"
54682,"CF-123"
54702,"CF-111"
54717,"CF-242"
54720,"CF-119"
54723,"CF-111"
54733,"CF-115"
54742,"CF-221"
54751,"CF-109"
54773,"CF-111"
54784,"CF-111"
54786,"CF-111"
54830,"CF-117"
54838,"CF-242"
54841,"CF-242"
54859,"CF-402"
54867,"CF-111"
54870,"CF-123"
54937,"CF-115"
54941,"CF-105"
54954,"CF-402"
54962,"CF-111"
54982,"CF-106"
54985,"CF-111"
54991,"CF-127"
55003,"CF-101"
55016,"CF-417"
55043,"CF-117"
55057,"CF-124"
55093,"CF-111"
55109,"CF-413"
55127,"CF-111"
55132,"CF-109"
55137,"CF-604"
55138,"CF-420"
55139,"CF-402"
55170,"CF-125"
55178,"CF-111"
55186,"CF-111"
55195,"CF-103"
55202,"CF-202"
55224,"CF-413"
55271,"CF-123"
55285,"CF-132"
55341,"CF-420"
55420,"CF-111"
55475,"CF-218"
55486,"CF-103"
55525,"CF-101"
55542,"CF-211"
55557,"CF-132"
55566,"CF-105"
55574,"CF-125"
55581,"CF-111"
55604,"CF-109"
55643,"CF-204"
55652,"CF-242"
55667,"CF-602"
55676,"CF-105"
55702,"CF-410"
55743,"CF-111"
55758,"CF-105"
55765,"CF-125"
55772,"CF-413"
55792,"CF-111"
55810,"CF-111"
55840,"CF-109"
55864,"CF-403"
55868,"CF-111"
55901,"CF-119"
55935,"CF-604"
55944,"CF-111"
55948,"CF-604"
55993,"CF-111"
56023,"CF-111"
56032,"CF-219"
56033,"CF-111"
56034,"CF-111"
56049,"CF-105"
56055,"CF-101"
56088,"CF-218"
56101,"CF-129"
56135,"CF-132"
56147,"CF-417"
56195,"CF-124"
56222,"CF-111"
56223,"CF-242"
56269,"CF-410"
56272,"CF-111"
56304,"CF-111"
56311,"CF-111"
56312,"CF-111"
56315,"CF-111"
56338,"CF-267"
56381,"CF-111"
56399,"CF-102"
56424,"CF-604"
56430,"CF-604"
56438,"CF-601"
56490,"CF-402"
56515,"CF-123"
56516,"CF-123"
56548,"CF-403"
56567,"CF-413"
56588,"CF-111"
56608,"CF-132"
56617,"CF-124"
56625,"CF-218"
56639,"CF-217"
56652,"CF-106"
56657,"CF-111"
56677,"CF-209"
56707,"CF-602"
56741,"CF-123"
56758,"CF-245"
56762,"CF-602"
56787,"CF-109"
56798,"CF-109"
56824,"CF-107"
56882,"CF-111"
56891,"CF-111"
56909,"CF-413"
56956,"CF-107"
56989,"CF-242"
56991,"CF-106"
56996,"CF-111"
57046,"CF-124"
57050,"CF-111"
57055,"CF-133"
57061,"CF-111"
57070,"CF-123"
57075,"CF-113"
57127,"CF-116"
57143,"CF-125"
57159,"CF-604"
57170,"CF-111"
57180,"CF-604"
57199,"CF-109"
57231,"CF-111"
57252,"CF-111"
57260,"CF-101"
57273,"CF-111"
57281,"CF-109"
57339,"CF-101"
57344,"CF-109"
57365,"CF-132"
57376,"CF-111"
57386,"CF-134"
57408,"CF-134"
57419,"CF-245"
57422,"CF-219"
57435,"CF-117"
57441,"CF-124"
57462,"CF-417"
57464,"CF-108"
57465,"CF-132"
57466,"CF-113"
57488,"CF-111"
57494,"CF-111"
57519,"CF-109"
57522,"CF-245"
57531,"CF-109"
57549,"CF-125"
57558,"CF-249"
57614,"CF-119"
57623,"CF-105"
57631,"CF-245"
57641,"CF-604"
57685,"CF-134"
57689,"CF-108"
57702,"CF-245"
57704,"CF-111"
57727,"CF-133"
57730,"CF-108"
57736,"CF-218"
57744,"CF-102"
57760,"CF-201"
57765,"CF-407"
57795,"CF-124"
57805,"CF-111"
57865,"CF-109"
57911,"CF-117"
57915,"CF-252"
57982,"CF-245"
57987,"CF-119"
58024,"CF-105"
58032,"CF-133"
58040,"CF-115"
58045,"CF-112"
58049,"CF-242"
58059,"CF-101"
58063,"CF-101"
58074,"CF-413"
58076,"CF-111"
58095,"CF-403"
58102,"CF-111"
58109,"CF-109"
58140,"CF-109"
58145,"CF-221"
58153,"CF-245"
58160,"CF-602"
58177,"CF-258"
58210,"CF-111"
58272,"CF-103"
58276,"CF-109"
58324,"CF-101"
58328,"CF-413"
58348,"CF-123"
58358,"CF-125"
58379,"CF-601"
58389,"CF-123"
58427,"CF-132"
58452,"CF-108"
58461,"CF-119"
58470,"CF-133"
58471,"CF-117"
58488,"CF-111"
58511,"CF-413"
58527,"CF-413"
58532,"CF-111"
58558,"CF-111"
58561,"CF-109"
58614,"CF-132"
58623,"CF-123"
58630,"CF-413"
58651,"CF-111"
58661,"CF-132"
58663,"CF-111"
58696,"CF-212"
58712,"CF-413"
58718,"CF-601"
58747,"CF-111"
58761,"CF-413"
58768,"CF-111"
58773,"CF-202"
58781,"CF-404"
58845,"CF-242"
58849,"CF-111"
58851,"CF-131"
58857,"CF-101"
58861,"CF-413"
58862,"CF-261"
58863,"CF-105"
58866,"CF-108"
58918,"CF-109"
58984,"CF-410"
58991,"CF-134"
59022,"CF-218"
59040,"CF-111"
59041,"CF-249"
59043,"CF-604"
59047,"CF-133"
59050,"CF-415"
59067,"CF-135"
59093,"CF-109"
59099,"CF-402"
59139,"CF-133"
59160,"CF-413"
59173,"CF-402"
59191,"CF-106"
59201,"CF-125"
59210,"CF-125"
59211,"CF-241"
59215,"CF-420"
59218,"CF-420"
59245,"CF-111"
59280,"CF-221"
59288,"CF-132"
59289,"CF-137"
59290,"CF-123"
59330,"CF-111"
59352,"CF-111"
59369,"CF-402"
59370,"CF-401"
59382,"CF-403"
59394,"CF-135"
59403,"CF-241"
59424,"CF-413"
59429,"CF-111"
59432,"CF-133"
59435,"CF-402"
59443,"CF-115"
59450,"CF-111"
59458,"CF-133"
59473,"CF-604"
59518,"CF-249"
59525,"CF-107"
59539,"CF-602"
59561,"CF-132"
59573,"CF-101"
59577,"CF-115"
59581,"CF-105"
59599,"CF-254"
59622,"CF-111"
59623,"CF-125"
59630,"CF-410"
59631,"CF-115"
59634,"CF-132"
59661,"CF-125"
59669,"CF-219"
59687,"CF-105"
59707,"CF-218"
59711,"CF-133"
59712,"CF-135"
59727,"CF-111"
59732,"CF-241"
59735,"CF-121"
59737,"CF-603"
59739,"CF-127"
59747,"CF-132"
59751,"CF-133"
59766,"CF-133"
59768,"CF-417"
59771,"CF-115"
59828,"CF-132"
59861,"CF-410"
59862,"CF-126"
59901,"CF-241"
59904,"CF-401"
59919,"CF-410"
59936,"CF-133"
59971,"CF-129"
60004,"CF-402"
60020,"CF-243"
60032,"CF-124"
60048,"CF-133"
60068,"CF-105"
60078,"CF-402"
60096,"CF-133"
60133,"CF-133"
60191,"CF-133"
60200,"CF-413"
60202,"CF-133"
60203,"CF-133"
60210,"CF-111"
60221,"CF-133"
60241,"CF-133"
60257,"CF-245"
60278,"CF-121"
60303,"CF-245"
60311,"CF-133"
60314,"CF-123"
60327,"CF-101"
60335,"CF-123"
60349,"CF-125"
60398,"CF-106"
60432,"CF-201"
60449,"CF-242"
60455,"CF-134"
60467,"CF-402"
60470,"CF-245"
60485,"CF-410"
60508,"CF-111"
60518,"CF-402"
60546,"CF-125"
60581,"CF-124"
60600,"CF-109"
60618,"CF-133"
60642,"CF-201"
60643,"CF-124"
60663,"CF-242"
60682,"CF-242"
60685,"CF-245"
60694,"CF-132"
60725,"CF-404"
60744,"CF-413"
60779,"CF-245"
60792,"CF-604"
60798,"CF-402"
60806,"CF-604"
60828,"CF-604"
60845,"CF-604"
60847,"CF-133"
60853,"CF-402"
60858,"CF-124"
60901,"CF-134"
60902,"CF-111"
60919,"CF-604"
60927,"CF-242"
60952,"CF-117"
60965,"CF-111"
60978,"CF-402"
60983,"CF-402"
60988,"CF-218"
61010,"CF-111"
61020,"CF-407"
61030,"CF-219"
61035,"CF-401"
61042,"CF-211"
61044,"CF-402"
61055,"CF-248"
61065,"CF-125"
61074,"CF-111"
61102,"CF-115"
61116,"CF-126"
61171,"CF-134"
61179,"CF-219"
61183,"CF-413"
61265,"CF-111"
61294,"CF-420"
61302,"CF-115"
61319,"CF-125"
61351,"CF-113"
61354,"CF-111"
61357,"CF-134"
61367,"CF-115"
61376,"CF-233"
61377,"CF-604"
61383,"CF-121"
61395,"CF-604"
61396,"CF-604"
61425,"CF-111"
61438,"CF-410"
61463,"CF-604"
61484,"CF-111"
61488,"CF-233"
61498,"CF-109"
61508,"CF-410"
61533,"CF-111"
61537,"CF-219"
61546,"CF-402"
61562,"CF-103"
61589,"CF-123"
61607,"CF-111"
61619,"CF-133"
61622,"CF-103"
61667,"CF-113"
61668,"CF-111"
61676,"CF-218"
61678,"CF-403"
61683,"CF-129"
61698,"CF-601"
61701,"CF-119"
61718,"CF-132"
61734,"CF-221"
61750,"CF-111"
61753,"CF-114"
61758,"CF-111"
61778,"CF-403"
61784,"CF-113"
61793,"CF-111"
61819,"CF-401"
61828,"CF-402"
61835,"CF-111"
61851,"CF-117"
61897,"CF-402"
61899,"CF-132"
61907,"CF-111"
61908,"CF-402"
61917,"CF-117"
61929,"CF-602"
61936,"CF-115"
61944,"CF-125"
61952,"CF-121"
61965,"CF-111"
61977,"CF-242"
61980,"CF-138"
61997,"CF-105"
62008,"CF-403"
62014,"CF-604"
62016,"CF-111"
62018,"CF-117"
62026,"CF-111"
62063,"CF-111"
62069,"CF-111"
62073,"CF-111"
62116,"CF-604"
62179,"CF-103"
62222,"CF-249"
62228,"CF-124"
62265,"CF-109"
62275,"CF-111"
62294,"CF-111"
62316,"CF-111"
62319,"CF-402"
62322,"CF-403"
62332,"CF-113"
62334,"CF-222"
62344,"CF-111"
62351,"CF-125"
62377,"CF-125"
62383,"CF-109"
62391,"CF-604"
62394,"CF-134"
62410,"CF-601"
62414,"CF-133"
62439,"CF-604"
62460,"CF-111"
62479,"CF-101"
62480,"CF-245"
62509,"CF-242"
62546,"CF-221"
62548,"CF-123"
62554,"CF-403"
62557,"CF-111"
62572,"CF-242"
62573,"CF-105"
62588,"CF-237"
62595,"CF-212"
62624,"CF-119"
62646,"CF-115"
62650,"CF-111"
62653,"CF-261"
62656,"CF-604"
62717,"CF-101"
62737,"CF-129"
62742,"CF-402"
62776,"CF-123"
62784,"CF-602"
62822,"CF-109"
62823,"CF-132"
62839,"CF-118"
62841,"CF-113"
62845,"CF-123"
62868,"CF-121"
62872,"CF-249"
62886,"CF-402"
62897,"CF-111"
62925,"CF-111"
62946,"CF-402"
63002,"CF-242"
63006,"CF-213"
63033,"CF-111"
63037,"CF-221"
63043,"CF-121"
63044,"CF-111"
63051,"CF-128"
63062,"CF-410"
63066,"CF-111"
63072,"CF-402"
63099,"CF-111"
63100,"CF-111"
63126,"CF-402"
63157,"CF-132"
63192,"CF-129"
63198,"CF-410"
63205,"CF-115"
63226,"CF-115"
63232,"CF-402"
63245,"CF-105"
63255,"CF-111"
63278,"CF-122"
63280,"CF-221"
63286,"CF-111"
63303,"CF-402"
63308,"CF-111"
63314,"CF-402"
63334,"CF-115"
63368,"CF-134"
63381,"CF-111"
63418,"CF-107"
63444,"CF-403"
63453,"CF-121"
63510,"CF-123"
63555,"CF-410"
63566,"CF-123"
63570,"CF-219"
63585,"CF-117"
63589,"CF-103"
63608,"CF-401"
63674,"CF-219"
63688,"CF-111"
63695,"CF-111"
63706,"CF-115"
63711,"CF-113"
63717,"CF-121"
63721,"CF-121"
63722,"CF-123"
63728,"CF-111"
63732,"CF-123"
63746,"CF-402"
63753,"CF-111"
63804,"CF-125"
63814,"CF-403"
63816,"CF-111"
63832,"CF-219"
63865,"CF-121"
63870,"CF-132"
63874,"CF-604"
63880,"CF-111"
63901,"CF-111"
63919,"CF-111"
63934,"CF-111"
63939,"CF-111"
63951,"CF-213"
63962,"CF-604"
63967,"CF-403"
63977,"CF-402"
63980,"CF-129"
63982,"CF-103"
63991,"CF-115"
64019,"CF-123"
64028,"CF-128"
64046,"CF-123"
64050,"CF-233"
64062,"CF-134"
64065,"CF-111"
64086,"CF-113"
64088,"CF-111"
64097,"CF-111"
64109,"CF-105"
64149,"CF-211"
64167,"CF-125"
64215,"CF-111"
64227,"CF-111"
64272,"CF-107"
64278,"CF-254"
64288,"CF-111"
64334,"CF-420"
64341,"CF-604"
64354,"CF-410"
64359,"CF-602"
64360,"CF-402"
64377,"CF-123"
64387,"CF-202"
64399,"CF-103"
64403,"CF-125"
64411,"CF-252"
64414,"CF-115"
64453,"CF-105"
64503,"CF-402"
64513,"CF-101"
64516,"CF-123"
64531,"CF-129"
64545,"CF-242"
64546,"CF-211"
64551,"CF-111"
64602,"CF-205"
64615,"CF-402"
64631,"CF-237"
64632,"CF-119"
64660,"CF-127"
64672,"CF-123"
64710,"CF-218"
64740,"CF-404"
64752,"CF-109"
64754,"CF-402"
64760,"CF-410"
64762,"CF-202"
64764,"CF-211"
64766,"CF-133"
64768,"CF-103"
64777,"CF-132"
64778,"CF-402"
64786,"CF-133"
64813,"CF-123"
64816,"CF-107"
64869,"CF-133"
64926,"CF-132"
64928,"CF-111"
64972,"CF-135"
64980,"CF-111"
64984,"CF-604"
64990,"CF-134"
64996,"CF-261"
65010,"CF-410"
65036,"CF-105"
65049,"CF-401"
65082,"CF-133"
65094,"CF-111"
65095,"CF-413"
65104,"CF-404"
65133,"CF-402"
65149,"CF-125"
65165,"CF-218"
65177,"CF-111"
65178,"CF-105"
65182,"CF-111"
65188,"CF-218"
65192,"CF-133"
65199,"CF-117"
65202,"CF-135"
65210,"CF-233"
65211,"CF-105"
65214,"CF-109"
65227,"CF-413"
65230,"CF-402"
65231,"CF-123"
65241,"CF-135"
65252,"CF-110"
65262,"CF-111"
65265,"CF-242"
65275,"CF-417"
65285,"CF-402"
65291,"CF-105"
65293,"CF-413"
65301,"CF-132"
65310,"CF-103"
65311,"CF-132"
65333,"CF-102"
65337,"CF-603"
65338,"CF-123"
65362,"CF-132"
65372,"CF-261"
65385,"CF-602"
65437,"CF-123"
65443,"CF-604"
65468,"CF-111"
65476,"CF-111"
65534,"CF-123"
65572,"CF-401"
65578,"CF-107"
65589,"CF-103"
65669,"CF-126"
65679,"CF-604"
65687,"CF-503"
65693,"CF-129"
65709,"CF-105"
65727,"CF-205"
65763,"CF-115"
65775,"CF-602"
65785,"CF-605"
65788,"CF-601"
65795,"CF-132"
65800,"CF-107"
65801,"CF-402"
65804,"CF-111"
65824,"CF-133"
65827,"CF-111"
65871,"CF-413"
65875,"CF-213"
65890,"CF-115"
65908,"CF-132"
65914,"CF-210"
65948,"CF-125"
65958,"CF-123"
65968,"CF-410"
65999,"CF-132"
66012,"CF-402"
66057,"CF-221"
66068,"CF-218"
66074,"CF-123"
66117,"CF-402"
66139,"CF-123"
66157,"CF-135"
66170,"CF-110"
66185,"CF-404"
66204,"CF-604"
66225,"CF-111"
66243,"CF-105"
66246,"CF-111"
66286,"CF-202"
66300,"CF-111"
66326,"CF-404"
66361,"CF-115"
66388,"CF-601"
66397,"CF-242"
66399,"CF-211"
66402,"CF-115"
66417,"CF-133"
66431,"CF-123"
66448,"CF-111"
66453,"CF-126"
66454,"CF-402"
66465,"CF-402"
66470,"CF-602"
66486,"CF-245"
66502,"CF-410"
66513,"CF-124"
66561,"CF-132"
66566,"CF-109"
66568,"CF-119"
66584,"CF-402"
66609,"CF-420"
66616,"CF-402"
66623,"CF-111"
66626,"CF-102"
66629,"CF-402"
66669,"CF-123"
66670,"CF-204"
66690,"CF-121"
66717,"CF-111"
66718,"CF-503"
66721,"CF-413"
66722,"CF-124"
66730,"CF-101"
66753,"CF-132"
66757,"CF-101"
66774,"CF-111"
66787,"CF-221"
66829,"CF-103"
66843,"CF-119"
66873,"CF-218"
66902,"CF-601"
66912,"CF-132"
66921,"CF-105"
66951,"CF-602"
66961,"CF-601"
66974,"CF-133"
66994,"CF-111"
67034,"CF-115"
67035,"CF-111"
67046,"CF-111"
67047,"CF-111"
67050,"CF-413"
67059,"CF-115"
67077,"CF-133"
67109,"CF-242"
67117,"CF-245"
67121,"CF-206"
67130,"CF-111"
67134,"CF-413"
67149,"CF-604"
67167,"CF-242"
67171,"CF-136"
67190,"CF-123"
67206,"CF-111"
67218,"CF-604"
67232,"CF-132"
67244,"CF-402"
67254,"CF-403"
67346,"CF-111"
67363,"CF-111"
67369,"CF-125"
67370,"CF-101"
67385,"CF-404"
67410,"CF-404"
67416,"CF-119"
67418,"CF-402"
67419,"CF-402"
67424,"CF-404"
67444,"CF-233"
67447,"CF-402"
67466,"CF-102"
67473,"CF-242"
67495,"CF-503"
67502,"CF-218"
67503,"CF-201"
67558,"CF-245"
67560,"CF-111"
67564,"CF-111"
67574,"CF-121"
67590,"CF-105"
67599,"CF-105"
67602,"CF-105"
67605,"CF-117"
67610,"CF-111"
67649,"CF-242"
67654,"CF-101"
67670,"CF-109"
67674,"CF-501"
67697,"CF-211"
67722,"CF-233"
67735,"CF-404"
67736,"CF-256"
67737,"CF-115"
67738,"CF-115"
67751,"CF-111"
67769,"CF-111"
67770,"CF-109"
67772,"CF-136"
67773,"CF-111"
67787,"CF-123"
67804,"CF-404"
67815,"CF-109"
67825,"CF-132"
67826,"CF-132"
67858,"CF-211"
67931,"CF-404"
67935,"CF-242"
67960,"CF-245"
67972,"CF-243"
68001,"CF-403"
68009,"CF-123"
68015,"CF-242"
68097,"CF-202"
68113,"CF-111"
68116,"CF-111"
68119,"CF-410"
68120,"CF-402"
68125,"CF-242"
68128,"CF-111"
68146,"CF-101"
68157,"CF-105"
68180,"CF-115"
68199,"CF-111"
68214,"CF-125"
68248,"CF-133"
68281,"CF-602"
68305,"CF-113"
68327,"CF-111"
68366,"CF-111"
68373,"CF-404"
68403,"CF-123"
68423,"CF-218"
68450,"CF-245"
68452,"CF-132"
68453,"CF-101"
68467,"CF-404"
68472,"CF-111"
68507,"CF-402"
68520,"CF-101"
68532,"CF-410"
68551,"CF-410"
68567,"CF-242"
68574,"CF-218"
68591,"CF-108"
68621,"CF-111"
68640,"CF-503"
68661,"CF-113"
68664,"CF-119"
68810,"CF-106"
68856,"CF-233"
68903,"CF-218"
68906,"CF-402"
68913,"CF-105"
68917,"CF-407"
68999,"CF-123"
69007,"CF-221"
69027,"CF-503"
69032,"CF-602"
69038,"CF-122"
69040,"CF-115"
69041,"CF-124"
69043,"CF-135"
69046,"CF-132"
69051,"CF-245"
69057,"CF-245"
69059,"CF-218"
69083,"CF-233"
69090,"CF-602"
69095,"CF-123"
69105,"CF-605"
69121,"CF-218"
69131,"CF-115"
69135,"CF-219"
69145,"CF-117"
69153,"CF-119"
69189,"CF-242"
69200,"CF-111"
69202,"CF-121"
69203,"CF-121"
69207,"CF-114"
69216,"CF-121"
69230,"CF-211"
69234,"CF-258"
69240,"CF-604"
69246,"CF-128"
69260,"CF-413"
69274,"CF-101"
69275,"CF-103"
69278,"CF-402"
69294,"CF-218"
69303,"CF-401"
69305,"CF-109"
69319,"CF-111"
69327,"CF-111"
69348,"CF-420"
69355,"CF-402"
69360,"CF-402"
69382,"CF-121"
69384,"CF-108"
69386,"CF-101"
69400,"CF-222"
69404,"CF-242"
69410,"CF-125"
69414,"CF-264"
69421,"CF-420"
69438,"CF-501"
69461,"CF-117"
69475,"CF-420"
69480,"CF-123"
69495,"CF-403"
69517,"CF-401"
69545,"CF-402"
69556,"CF-103"
69606,"CF-121"
69608,"CF-258"
69613,"CF-401"
69629,"CF-111"
69630,"CF-105"
69636,"CF-109"
69662,"CF-404"
69680,"CF-123"
69704,"CF-109"
69720,"CF-413"
69721,"CF-242"
69726,"CF-121"
69755,"CF-404"
69777,"CF-404"
69779,"CF-121"
69784,"CF-402"
69790,"CF-132"
69802,"CF-403"
69804,"CF-123"
69807,"CF-121"
69821,"CF-108"
69840,"CF-402"
69849,"CF-249"
69855,"CF-111"
69857,"CF-402"
69859,"CF-217"
69862,"CF-109"
69873,"CF-132"
69910,"CF-119"
69922,"CF-121"
69951,"CF-121"
69952,"CF-402"
69957,"CF-604"
69965,"CF-401"
69968,"CF-129"
69972,"CF-123"
69995,"CF-132"
70007,"CF-221"
70012,"CF-123"
70022,"CF-123"
70023,"CF-132"
70027,"CF-102"
70040,"CF-128"
70051,"CF-402"
70070,"CF-403"
70109,"CF-113"
70115,"CF-124"
70128,"CF-123"
70154,"CF-111"
70158,"CF-101"
70193,"CF-111"
70199,"CF-401"
70204,"CF-117"
70213,"CF-125"
70220,"CF-132"
70238,"CF-111"
70242,"CF-602"
70253,"CF-256"
70278,"CF-119"
70287,"CF-121"
70290,"CF-125"
70306,"CF-109"
70310,"CF-123"
70331,"CF-221"
70332,"CF-245"
70384,"CF-103"
70405,"CF-249"
70420,"CF-125"
70465,"CF-402"
70474,"CF-123"
70479,"CF-132"
70486,"CF-111"
70502,"CF-123"
70526,"CF-111"
70562,"CF-101"
70566,"CF-132"
70593,"CF-111"
70643,"CF-221"
70655,"CF-125"
70675,"CF-401"
70695,"CF-119"
70701,"CF-245"
70754,"CF-111"
70762,"CF-119"
70779,"CF-245"
70800,"CF-115"
70828,"CF-123"
70854,"CF-206"
70877,"CF-413"
70878,"CF-403"
70890,"CF-122"
70935,"CF-132"
70940,"CF-102"
70946,"CF-111"
70964,"CF-105"
70974,"CF-503"
70983,"CF-123"
70999,"CF-258"
71007,"CF-602"
71011,"CF-109"
71023,"CF-123"
71027,"CF-128"
71032,"CF-602"
71036,"CF-121"
71074,"CF-211"
71079,"CF-125"
71110,"CF-111"
71112,"CF-109"
71129,"CF-123"
71131,"CF-132"
71153,"CF-602"
71159,"CF-251"
71164,"CF-605"
71206,"CF-119"
71253,"CF-125"
71292,"CF-111"
71320,"CF-209"
71352,"CF-128"
71362,"CF-123"
71365,"CF-221"
71418,"CF-252"
71482,"CF-605"
71486,"CF-603"
71540,"CF-123"
71564,"CF-136"
71586,"CF-111"
71598,"CF-123"
71616,"CF-123"
71619,"CF-109"
71626,"CF-132"
71656,"CF-123"
71685,"CF-132"
71701,"CF-410"
71705,"CF-110"
71726,"CF-124"
71731,"CF-125"
71783,"CF-410"
71793,"CF-101"
71810,"CF-133"
71822,"CF-403"
71846,"CF-206"
71856,"CF-605"
71863,"CF-123"
71876,"CF-128"
71928,"CF-132"
71972,"CF-125"
71980,"CF-123"
72079,"CF-410"
72098,"CF-132"
72103,"CF-132"
72118,"CF-249"
72126,"CF-125"
72131,"CF-601"
72149,"CF-123"
72159,"CF-132"
72243,"CF-212"
72264,"CF-117"
72275,"CF-125"
72302,"CF-602"
72314,"CF-134"
72373,"CF-410"
72394,"CF-125"
72400,"CF-128"
72448,"CF-109"
72491,"CF-117"
72558,"CF-410"
72594,"CF-111"
72599,"CF-222"
72658,"CF-221"
72681,"CF-111"
72713,"CF-125"
72728,"CF-125"
72737,"CF-204"
72750,"CF-221"
72755,"CF-131"
72827,"CF-132"
72902,"CF-127"
72911,"CF-111"
72914,"CF-117"
72915,"CF-601"
72944,"CF-132"
72960,"CF-132"
72976,"CF-260"
72985,"CF-116"
73039,"CF-119"
73046,"CF-111"
73052,"CF-418"
73081,"CF-221"
73144,"CF-252"
73193,"CF-128"
73210,"CF-128"
73216,"CF-124"
73232,"CF-126"
73258,"CF-132"
73278,"CF-132"
73340,"CF-132"
73367,"CF-132"
73408,"CF-128"
73428,"CF-109"
73453,"CF-123"
73477,"CF-105"
73486,"CF-115"
73500,"CF-103"
73512,"CF-132"
73581,"CF-111"
73585,"CF-249"
73586,"CF-123"
73667,"CF-202"
73670,"CF-222"
73674,"CF-125"
73681,"CF-403"
73701,"CF-221"
73744,"CF-418"
73784,"CF-123"
73812,"CF-135"
73855,"CF-221"
73865,"CF-112"
73902,"CF-601"
73910,"CF-212"
73955,"CF-603"
73991,"CF-254"
74036,"CF-111"
74055,"CF-221"
74061,"CF-125"
74123,"CF-123"
74138,"CF-410"
74147,"CF-123"
74182,"CF-410"
74185,"CF-220"
74227,"CF-252"
74283,"CF-131"
74292,"CF-220"
74301,"CF-602"
74315,"CF-117"
74333,"CF-604"
74339,"CF-132"
74362,"CF-123"
74371,"CF-132"
74394,"CF-123"
74449,"CF-204"
74455,"CF-245"
74488,"CF-127"
74513,"CF-132"
74533,"CF-604"
74555,"CF-123"
74565,"CF-221"
74567,"CF-123"
74581,"CF-413"
74582,"CF-111"
74583,"CF-115"
74586,"CF-103"
74587,"CF-109"
74595,"CF-407"
74605,"CF-127"
74625,"CF-135"
74653,"CF-111"
74684,"CF-402"
74697,"CF-219"
74699,"CF-119"
74708,"CF-111"
74725,"CF-221"
74736,"CF-245"
74737,"CF-410"
74741,"CF-403"
74754,"CF-123"
74812,"CF-105"
74821,"CF-109"
74822,"CF-124"
74824,"CF-261"
74832,"CF-111"
74858,"CF-603"
74874,"CF-402"
74876,"CF-103"
74890,"CF-132"
74891,"CF-604"
74893,"CF-128"
74895,"CF-108"
74904,"CF-111"
74910,"CF-101"
74912,"CF-102"
74924,"CF-242"
74945,"CF-115"
74968,"CF-123"
74978,"CF-105"
74979,"CF-242"
75034,"CF-115"
75089,"CF-111"
75099,"CF-402"
75122,"CF-111"
75142,"CF-242"
75144,"CF-245"
75163,"CF-105"
75165,"CF-117"
75185,"CF-128"
75189,"CF-126"
75202,"CF-402"
75237,"CF-245"
75327,"CF-128"
75337,"CF-111"
75344,"CF-136"
75346,"CF-221"
75377,"CF-101"
75380,"CF-125"
75394,"CF-604"
75410,"CF-127"
75461,"CF-103"
75473,"CF-407"
75483,"CF-125"
75519,"CF-115"
75521,"CF-402"
75569,"CF-111"
75570,"CF-105"
75589,"CF-111"
75594,"CF-111"
75610,"CF-407"
75619,"CF-402"
75668,"CF-132"
75708,"CF-111"
75712,"CF-410"
75738,"CF-123"
75740,"CF-111"
75775,"CF-420"
75780,"CF-103"
75793,"CF-111"
75805,"CF-133"
75814,"CF-131"
75821,"CF-111"
75832,"CF-403"
75841,"CF-133"
75849,"CF-111"
75856,"CF-604"
75885,"CF-111"
75896,"CF-109"
75954,"CF-420"
75955,"CF-245"
75981,"CF-119"
75991,"CF-242"
76009,"CF-401"
76023,"CF-101"
76037,"CF-601"
76039,"CF-113"
76041,"CF-111"
76085,"CF-604"
76102,"CF-123"
76166,"CF-117"
76170,"CF-601"
76182,"CF-123"
76206,"CF-410"
76218,"CF-123"
76231,"CF-249"
76238,"CF-221"
76239,"CF-503"
76259,"CF-123"
76275,"CF-111"
76277,"CF-242"
76285,"CF-111"
76299,"CF-420"
76304,"CF-503"
76322,"CF-119"
76329,"CF-604"
76341,"CF-111"
76355,"CF-245"
76357,"CF-222"
76368,"CF-115"
76372,"CF-402"
76373,"CF-420"
76390,"CF-210"
76410,"CF-128"
76428,"CF-122"
76437,"CF-103"
76454,"CF-403"
76460,"CF-245"
76501,"CF-111"
76506,"CF-123"
76529,"CF-101"
76531,"CF-219"
76538,"CF-111"
76543,"CF-402"
76544,"CF-245"
76551,"CF-115"
76552,"CF-123"
76567,"CF-245"
76569,"CF-245"
76585,"CF-101"
76608,"CF-242"
76623,"CF-248"
76627,"CF-402"
76629,"CF-126"
76650,"CF-113"
76655,"CF-132"
76661,"CF-132"
76666,"CF-410"
76678,"CF-123"
76700,"CF-115"
76712,"CF-106"
76720,"CF-123"
76737,"CF-134"
76830,"CF-111"
76838,"CF-109"
76882,"CF-242"
76940,"CF-123"
76951,"CF-413"
76977,"CF-119"
76981,"CF-101"
76984,"CF-117"
76987,"CF-402"
76995,"CF-245"
77002,"CF-117"
77007,"CF-132"
77020,"CF-402"
77026,"CF-123"
77031,"CF-138"
77091,"CF-501"
77109,"CF-126"
77146,"CF-111"
77175,"CF-128"
77207,"CF-219"
77230,"CF-403"
77232,"CF-206"
77245,"CF-134"
77258,"CF-123"
77269,"CF-109"
77288,"CF-111"
77325,"CF-604"
77343,"CF-132"
77367,"CF-402"
77440,"CF-109"
77444,"CF-134"
77452,"CF-242"
77458,"CF-117"
77532,"CF-111"
77550,"CF-111"
77553,"CF-115"
77609,"CF-604"
77610,"CF-112"
77613,"CF-250"
77654,"CF-404"
77657,"CF-245"
77688,"CF-401"
77718,"CF-109"
77749,"CF-134"
77771,"CF-125"
77805,"CF-111"
77808,"CF-124"
77816,"CF-117"
77819,"CF-221"
77842,"CF-243"
77845,"CF-111"
77851,"CF-245"
77853,"CF-123"
77854,"CF-132"
77882,"CF-111"
77922,"CF-404"
77933,"CF-242"
77950,"CF-132"
77988,"CF-218"
78007,"CF-101"
78009,"CF-125"
78036,"CF-117"
78048,"CF-202"
78053,"CF-124"
78059,"CF-119"
78079,"CF-219"
78108,"CF-109"
78138,"CF-109"
78145,"CF-604"
78147,"CF-604"
78173,"CF-245"
78234,"CF-111"
78250,"CF-410"
78255,"CF-132"
78261,"CF-202"
78273,"CF-218"
78293,"CF-604"
78316,"CF-111"
78343,"CF-245"
78357,"CF-111"
78359,"CF-413"
78360,"CF-125"
78363,"CF-115"
78377,"CF-111"
78425,"CF-119"
78428,"CF-245"
78442,"CF-402"
78444,"CF-125"
78451,"CF-402"
78483,"CF-132"
78486,"CF-111"
78487,"CF-249"
78496,"CF-109"
78506,"CF-135"
78508,"CF-123"
78517,"CF-402"
78536,"CF-133"
78542,"CF-107"
78548,"CF-103"
78553,"CF-402"
78554,"CF-221"
78561,"CF-233"
78564,"CF-132"
78570,"CF-117"
78572,"CF-119"
78607,"CF-117"
78624,"CF-132"
78636,"CF-218"
78643,"CF-126"
78644,"CF-111"
78647,"CF-245"
78661,"CF-604"
78666,"CF-109"
78686,"CF-132"
78691,"CF-402"
78701,"CF-601"
78716,"CF-417"
78717,"CF-218"
78724,"CF-413"
78727,"CF-115"
78743,"CF-111"
78812,"CF-403"
78814,"CF-402"
78816,"CF-132"
78883,"CF-413"
78889,"CF-111"
78892,"CF-221"
78922,"CF-123"
78923,"CF-602"
78935,"CF-413"
78941,"CF-402"
78948,"CF-132"
78954,"CF-125"
78956,"CF-132"
79012,"CF-602"
79014,"CF-125"
79015,"CF-242"
79024,"CF-245"
79030,"CF-111"
79038,"CF-410"
79046,"CF-111"
79064,"CF-123"
79068,"CF-128"
79101,"CF-109"
79109,"CF-132"
79111,"CF-245"
79123,"CF-218"
79127,"CF-119"
79161,"CF-101"
79164,"CF-111"
79174,"CF-410"
79214,"CF-413"
79231,"CF-245"
79260,"CF-105"
79275,"CF-420"
79283,"CF-222"
79286,"CF-132"
79291,"CF-132"
79305,"CF-410"
79307,"CF-403"
79336,"CF-109"
79399,"CF-123"
79404,"CF-134"
79405,"CF-111"
79411,"CF-604"
79418,"CF-134"
79430,"CF-117"
79464,"CF-123"
79533,"CF-602"
79540,"CF-123"
79546,"CF-129"
79548,"CF-134"
79556,"CF-604"
79557,"CF-132"
79563,"CF-410"
79582,"CF-111"
79584,"CF-410"
79586,"CF-123"
79608,"CF-222"
79610,"CF-111"
79618,"CF-602"
79623,"CF-127"
79690,"CF-205"
79712,"CF-115"
79757,"CF-222"
79770,"CF-410"
79771,"CF-233"
79782,"CF-132"
79787,"CF-132"
79807,"CF-123"
79813,"CF-134"
79815,"CF-128"
79818,"CF-123"
79825,"CF-128"
79834,"CF-132"
79841,"CF-206"
79862,"CF-132"
79865,"CF-111"
79867,"CF-405"
79905,"CF-201"
79922,"CF-123"
79953,"CF-202"
79962,"CF-132"
79965,"CF-604"
79996,"CF-402"
80000,"CF-403"
80038,"CF-604"
80040,"CF-111"
80062,"CF-413"
80066,"CF-242"
80090,"CF-106"
80104,"CF-124"
80106,"CF-254"
80129,"CF-410"
80148,"CF-123"
80178,"CF-123"
80184,"CF-405"
80197,"CF-403"
80215,"CF-132"
80230,"CF-132"
80238,"CF-601"
80242,"CF-111"
80246,"CF-103"
80247,"CF-132"
80257,"CF-402"
80259,"CF-402"
80264,"CF-111"
80306,"CF-136"
80308,"CF-106"
80317,"CF-420"
80348,"CF-133"
80356,"CF-109"
80365,"CF-245"
80374,"CF-402"
80382,"CF-134"
80398,"CF-602"
80412,"CF-402"
80422,"CF-132"
80423,"CF-602"
80426,"CF-111"
80431,"CF-132"
80438,"CF-101"
80440,"CF-132"
80441,"CF-124"
80464,"CF-111"
80469,"CF-402"
80473,"CF-106"
80478,"CF-221"
80482,"CF-111"
80494,"CF-242"
80509,"CF-402"
80511,"CF-402"
80516,"CF-125"
80522,"CF-132"
80545,"CF-111"
80550,"CF-132"
80596,"CF-132"
80610,"CF-132"
80626,"CF-123"
80627,"CF-101"
80671,"CF-410"
80698,"CF-221"
80708,"CF-111"
80714,"CF-245"
80717,"CF-111"
80737,"CF-133"
80773,"CF-111"
80776,"CF-135"
80787,"CF-105"
80821,"CF-101"
80843,"CF-132"
80846,"CF-133"
80876,"CF-111"
80881,"CF-245"
80896,"CF-401"
80900,"CF-111"
80935,"CF-242"
80956,"CF-402"
80970,"CF-111"
80981,"CF-115"
80986,"CF-242"
80991,"CF-407"
81000,"CF-218"
81010,"CF-242"
81039,"CF-604"
81057,"CF-221"
81079,"CF-604"
81096,"CF-111"
81118,"CF-605"
81119,"CF-115"
81125,"CF-242"
81129,"CF-105"
81140,"CF-113"
81175,"CF-117"
81177,"CF-125"
81196,"CF-605"
81212,"CF-404"
81230,"CF-105"
81242,"CF-111"
81250,"CF-101"
81277,"CF-402"
81281,"CF-111"
81283,"CF-125"
81293,"CF-109"
81327,"CF-110"
81352,"CF-101"
81353,"CF-245"
81357,"CF-111"
81379,"CF-123"
81390,"CF-604"
81400,"CF-420"
81462,"CF-413"
81483,"CF-111"
81495,"CF-604"
81496,"CF-131"
81547,"CF-108"
81552,"CF-111"
81569,"CF-123"
81578,"CF-604"
81617,"CF-403"
81639,"CF-111"
81645,"CF-242"
81646,"CF-222"
81665,"CF-109"
81666,"CF-109"
81685,"CF-221"
81686,"CF-105"
81721,"CF-123"
81732,"CF-123"
81738,"CF-102"
81749,"CF-402"
81750,"CF-117"
81755,"CF-114"
81757,"CF-124"
81770,"CF-111"
81791,"CF-109"
81802,"CF-111"
81836,"CF-101"
81840,"CF-103"
81855,"CF-111"
81884,"CF-601"
81918,"CF-111"
81940,"CF-124"
81979,"CF-402"
81988,"CF-420"
82029,"CF-403"
82037,"CF-413"
82062,"CF-221"
82073,"CF-402"
82074,"CF-402"
82079,"CF-402"
82094,"CF-126"
82102,"CF-402"
82144,"CF-603"
82172,"CF-413"
82213,"CF-503"
82234,"CF-403"
82236,"CF-201"
82248,"CF-402"
82266,"CF-403"
82273,"CF-124"
82287,"CF-405"
82337,"CF-245"
82359,"CF-242"
82366,"CF-249"
82367,"CF-109"
82427,"CF-245"
82431,"CF-254"
82462,"CF-124"
82523,"CF-119"
82528,"CF-119"
82542,"CF-501"
82555,"CF-133"
82570,"CF-133"
82571,"CF-402"
82572,"CF-402"
82578,"CF-218"
82606,"CF-117"
82609,"CF-109"
82619,"CF-109"
82625,"CF-109"
82633,"CF-111"
82647,"CF-402"
82649,"CF-111"
82662,"CF-129"
82665,"CF-111"
82690,"CF-133"
82714,"CF-111"
82737,"CF-131"
82740,"CF-242"
82779,"CF-134"
82783,"CF-245"
82789,"CF-123"
82798,"CF-242"
82799,"CF-136"
82808,"CF-242"
82813,"CF-402"
82818,"CF-602"
82847,"CF-111"
82855,"CF-242"
82861,"CF-133"
82876,"CF-123"
82897,"CF-111"
82932,"CF-101"
82934,"CF-218"
82944,"CF-245"
82985,"CF-132"
83015,"CF-242"
83029,"CF-119"
83031,"CF-125"
83039,"CF-113"
83042,"CF-404"
83082,"CF-402"
83086,"CF-132"
83087,"CF-107"
83107,"CF-119"
83115,"CF-242"
83118,"CF-134"
83154,"CF-218"
83161,"CF-109"
83170,"CF-103"
83177,"CF-245"
83186,"CF-123"
83191,"CF-111"
83196,"CF-111"
83206,"CF-123"
83217,"CF-209"
83223,"CF-233"
83228,"CF-202"
83231,"CF-407"
83244,"CF-132"
83247,"CF-109"
83299,"CF-111"
83302,"CF-242"
83305,"CF-242"
83328,"CF-413"
83346,"CF-111"
83369,"CF-123"
83415,"CF-115"
83445,"CF-129"
83448,"CF-121"
83480,"CF-221"
83481,"CF-109"
83484,"CF-242"
83500,"CF-401"
83501,"CF-242"
83525,"CF-417"
83535,"CF-111"
83539,"CF-413"
83549,"CF-111"
83552,"CF-123"
83559,"CF-404"
83597,"CF-101"
83604,"CF-123"
83605,"CF-129"
83621,"CF-402"
83630,"CF-115"
83647,"CF-113"
83712,"CF-103"
83718,"CF-106"
83729,"CF-111"
83736,"CF-604"
83753,"CF-206"
83758,"CF-245"
83778,"CF-402"
83812,"CF-126"
83816,"CF-101"
83818,"CF-245"
83829,"CF-242"
83873,"CF-402"
83877,"CF-206"
83886,"CF-209"
83892,"CF-242"
83896,"CF-413"
83923,"CF-249"
83932,"CF-410"
83936,"CF-134"
83938,"CF-128"
83951,"CF-123"
83958,"CF-417"
83960,"CF-245"
83977,"CF-103"
83997,"CF-404"
84041,"CF-103"
84046,"CF-123"
84048,"CF-125"
84074,"CF-132"
84084,"CF-245"
84088,"CF-123"
84092,"CF-601"
84098,"CF-218"
84099,"CF-218"
84118,"CF-128"
84140,"CF-401"
84156,"CF-402"
84163,"CF-233"
84177,"CF-249"
84190,"CF-123"
84204,"CF-123"
84225,"CF-221"
84239,"CF-111"
84251,"CF-132"
84255,"CF-402"
84264,"CF-133"
84282,"CF-604"
84320,"CF-132"
84332,"CF-402"
84337,"CF-125"
84342,"CF-403"
84357,"CF-122"
84389,"CF-113"
84404,"CF-133"
84412,"CF-118"
84416,"CF-249"
84421,"CF-242"
84439,"CF-201"
84459,"CF-106"
84487,"CF-402"
84490,"CF-402"
84493,"CF-108"
84526,"CF-420"
84528,"CF-209"
84534,"CF-242"
84555,"CF-111"
84596,"CF-601"
84602,"CF-115"
84633,"CF-604"
84634,"CF-604"
84725,"CF-127"
84742,"CF-604"
84754,"CF-107"
84785,"CF-101"
84804,"CF-123"
84821,"CF-115"
84829,"CF-101"
84862,"CF-124"
84865,"CF-604"
84870,"CF-403"
84872,"CF-245"
84873,"CF-245"
84917,"CF-402"
84926,"CF-604"
84933,"CF-201"
85033,"CF-417"
85057,"CF-205"
85128,"CF-417"
85175,"CF-123"
85185,"CF-413"
85188,"CF-109"
85200,"CF-402"
85215,"CF-113"
85216,"CF-115"
85225,"CF-255"
85229,"CF-115"
85244,"CF-111"
85274,"CF-221"
85292,"CF-402"
85314,"CF-105"
85330,"CF-126"
85344,"CF-117"
85356,"CF-245"
85360,"CF-125"
85372,"CF-218"
85386,"CF-123"
85396,"CF-245"
85419,"CF-109"
85437,"CF-420"
85440,"CF-604"
85442,"CF-202"
85465,"CF-403"
85467,"CF-111"
85512,"CF-109"
85519,"CF-402"
85538,"CF-111"
85550,"CF-111"
85552,"CF-109"
85553,"CF-121"
85557,"CF-245"
85571,"CF-123"
85583,"CF-125"
85606,"CF-210"
85658,"CF-123"
85672,"CF-245"
85694,"CF-242"
85723,"CF-123"
85726,"CF-401"
85736,"CF-133"
85740,"CF-119"
85755,"CF-402"
85756,"CF-123"
85757,"CF-111"
85760,"CF-111"
85795,"CF-125"
85807,"CF-403"
85817,"CF-132"
85852,"CF-111"
85854,"CF-125"
85861,"CF-105"
85878,"CF-101"
85898,"CF-111"
85899,"CF-102"
85903,"CF-105"
85919,"CF-101"
85923,"CF-604"
85925,"CF-111"
85926,"CF-261"
85977,"CF-111"
85980,"CF-402"
85987,"CF-124"
85993,"CF-109"
86015,"CF-404"
86038,"CF-402"
86089,"CF-404"
86091,"CF-117"
86110,"CF-602"
86115,"CF-404"
86125,"CF-407"
86129,"CF-123"
86138,"CF-111"
86146,"CF-111"
86154,"CF-111"
86164,"CF-233"
86174,"CF-602"
86176,"CF-404"
86179,"CF-218"
86181,"CF-111"
86185,"CF-111"
86192,"CF-122"
86237,"CF-111"
86253,"CF-105"
86280,"CF-123"
86291,"CF-402"
86294,"CF-111"
86304,"CF-111"
86323,"CF-111"
86371,"CF-404"
86406,"CF-105"
86415,"CF-111"
86448,"CF-407"
86449,"CF-115"
86456,"CF-249"
86469,"CF-108"
86479,"CF-221"
86492,"CF-404"
86497,"CF-119"
86517,"CF-111"
86522,"CF-604"
86535,"CF-420"
86541,"CF-101"
86553,"CF-407"
86556,"CF-602"
86585,"CF-133"
86586,"CF-132"
86588,"CF-210"
86589,"CF-245"
86598,"CF-101"
86599,"CF-101"
86601,"CF-111"
86609,"CF-111"
86615,"CF-101"
86618,"CF-221"
86628,"CF-108"
86641,"CF-402"
86691,"CF-117"
86702,"CF-115"
86707,"CF-128"
86715,"CF-242"
86719,"CF-404"
86741,"CF-109"
86757,"CF-413"
86764,"CF-402"
86782,"CF-602"
86791,"CF-111"
86807,"CF-407"
86871,"CF-109"
86887,"CF-109"
86911,"CF-105"
86915,"CF-420"
86937,"CF-111"
86939,"CF-605"
86952,"CF-111"
87035,"CF-604"
87037,"CF-129"
87049,"CF-413"
87050,"CF-420"
87058,"CF-115"
87066,"CF-123"
87080,"CF-132"
87103,"CF-249"
87123,"CF-245"
87154,"CF-501"
87161,"CF-111"
87167,"CF-135"
87174,"CF-242"
87175,"CF-221"
87179,"CF-118"
87183,"CF-113"
87188,"CF-420"
87192,"CF-211"
87200,"CF-111"
87217,"CF-111"
87234,"CF-245"
87243,"CF-242"
87253,"CF-420"
87274,"CF-129"
87297,"CF-245"
87327,"CF-604"
87329,"CF-115"
87340,"CF-132"
87343,"CF-604"
87346,"CF-261"
87357,"CF-125"
87368,"CF-604"
87378,"CF-402"
87395,"CF-402"
87417,"CF-119"
87425,"CF-405"
87434,"CF-117"
87452,"CF-115"
87453,"CF-403"
87454,"CF-123"
87473,"CF-415"
87488,"CF-134"
87498,"CF-402"
87516,"CF-249"
87523,"CF-111"
87534,"CF-111"
87536,"CF-413"
87573,"CF-103"
87580,"CF-245"
87597,"CF-133"
87608,"CF-111"
87636,"CF-404"
87658,"CF-111"
87668,"CF-123"
87703,"CF-123"
87706,"CF-218"
87714,"CF-111"
87723,"CF-245"
87739,"CF-415"
87777,"CF-242"
87787,"CF-133"
87791,"CF-404"
87823,"CF-402"
87827,"CF-115"
87828,"CF-603"
87842,"CF-420"
87851,"CF-115"
87857,"CF-404"
87872,"CF-107"
87875,"CF-218"
87915,"CF-402"
87938,"CF-242"
87942,"CF-111"
87957,"CF-403"
87958,"CF-117"
87986,"CF-117"
88002,"CF-404"
88037,"CF-111"
88041,"CF-111"
88052,"CF-117"
88099,"CF-266"
88109,"CF-109"
88123,"CF-242"
88125,"CF-402"
88141,"CF-111"
88185,"CF-402"
88220,"CF-402"
88232,"CF-115"
88234,"CF-402"
88245,"CF-124"
88246,"CF-221"
88255,"CF-206"
88267,"CF-109"
88269,"CF-103"
88273,"CF-413"
88295,"CF-604"
88316,"CF-125"
88321,"CF-242"
88346,"CF-125"
88362,"CF-111"
88367,"CF-604"
88371,"CF-258"
88383,"CF-101"
88393,"CF-125"
88411,"CF-105"
88428,"CF-201"
88429,"CF-604"
88431,"CF-125"
88443,"CF-133"
88459,"CF-115"
88461,"CF-101"
88466,"CF-402"
88467,"CF-242"
88491,"CF-205"
88497,"CF-111"
88514,"CF-121"
88525,"CF-604"
88533,"CF-242"
88564,"CF-124"
88584,"CF-410"
88603,"CF-117"
88647,"CF-601"
88661,"CF-111"
88670,"CF-415"
88692,"CF-402"
88710,"CF-132"
88718,"CF-123"
88726,"CF-604"
88729,"CF-604"
88742,"CF-132"
88766,"CF-242"
88770,"CF-111"
88794,"CF-420"
88806,"CF-109"
88810,"CF-245"
88835,"CF-119"
88848,"CF-604"
88852,"CF-105"
88872,"CF-503"
88887,"CF-109"
88907,"CF-103"
88909,"CF-201"
88918,"CF-221"
88995,"CF-132"
89037,"CF-111"
89070,"CF-129"
89076,"CF-124"
89082,"CF-261"
89089,"CF-125"
89095,"CF-601"
89099,"CF-125"
89115,"CF-103"
89121,"CF-111"
89159,"CF-134"
89164,"CF-119"
89166,"CF-133"
89167,"CF-109"
89200,"CF-402"
89205,"CF-109"
89224,"CF-413"
89237,"CF-111"
89254,"CF-111"
89257,"CF-604"
89271,"CF-242"
89305,"CF-210"
89319,"CF-218"
89324,"CF-601"
89326,"CF-103"
89395,"CF-402"
89412,"CF-604"
89426,"CF-401"
89446,"CF-125"
89450,"CF-242"
89474,"CF-101"
89481,"CF-123"
89502,"CF-405"
89509,"CF-402"
89526,"CF-117"
89537,"CF-403"
89555,"CF-115"
89570,"CF-108"
89582,"CF-604"
89588,"CF-402"
89602,"CF-410"
89603,"CF-109"
89614,"CF-242"
89648,"CF-605"
89652,"CF-105"
89677,"CF-109"
89694,"CF-111"
89696,"CF-212"
89705,"CF-123"
89707,"CF-115"
89733,"CF-109"
89735,"CF-604"
89741,"CF-242"
89751,"CF-402"
89757,"CF-109"
89766,"CF-242"
89790,"CF-113"
89819,"CF-402"
89886,"CF-123"
89921,"CF-111"
89937,"CF-132"
89981,"CF-111"
89988,"CF-403"
89997,"CF-119"
90003,"CF-115"
90038,"CF-242"
90039,"CF-403"
90056,"CF-103"
90060,"CF-134"
90070,"CF-111"
90085,"CF-245"
90191,"CF-222"
90194,"CF-111"
90228,"CF-103"
90239,"CF-123"
90268,"CF-123"
90336,"CF-402"
90349,"CF-105"
90367,"CF-107"
90381,"CF-133"
90409,"CF-402"
90413,"CF-604"
90416,"CF-218"
90419,"CF-127"
90437,"CF-111"
90440,"CF-111"
90450,"CF-601"
90464,"CF-242"
90467,"CF-128"
90540,"CF-103"
90542,"CF-132"
90548,"CF-242"
90553,"CF-402"
90566,"CF-267"
90612,"CF-123"
90625,"CF-245"
90631,"CF-410"
90632,"CF-103"
90636,"CF-410"
90699,"CF-410"
90725,"CF-129"
90728,"CF-601"
90729,"CF-134"
90736,"CF-601"
90738,"CF-117"
90755,"CF-410"
90768,"CF-601"
90772,"CF-126"
90779,"CF-119"
90784,"CF-128"
90795,"CF-105"
90805,"CF-402"
90807,"CF-108"
90877,"CF-402"
90884,"CF-402"
90909,"CF-126"
90912,"CF-115"
90916,"CF-123"
90921,"CF-402"
90927,"CF-111"
90933,"CF-119"
90945,"CF-119"
90969,"CF-418"
90976,"CF-123"
90980,"CF-111"
90982,"CF-126"
90995,"CF-204"
91001,"CF-105"
91013,"CF-106"
91033,"CF-129"
91039,"CF-245"
91050,"CF-117"
91061,"CF-221"
91078,"CF-402"
91115,"CF-410"
91133,"CF-123"
91148,"CF-404"
91162,"CF-245"
91186,"CF-211"
91190,"CF-218"
91192,"CF-123"
91210,"CF-410"
91232,"CF-604"
91239,"CF-254"
91263,"CF-402"
91330,"CF-410"
91371,"CF-402"
91380,"CF-119"
91383,"CF-402"
91397,"CF-245"
91417,"CF-604"
91419,"CF-119"
91428,"CF-417"
91444,"CF-221"
91445,"CF-245"
91520,"CF-117"
91526,"CF-132"
91544,"CF-132"
91550,"CF-123"
91567,"CF-123"
91573,"CF-403"
91579,"CF-102"
91580,"CF-123"
91590,"CF-109"
91606,"CF-604"
91637,"CF-111"
91662,"CF-132"
91664,"CF-601"
91680,"CF-133"
91682,"CF-602"
91687,"CF-129"
91718,"CF-132"
91740,"CF-119"
91756,"CF-132"
91764,"CF-602"
91768,"CF-133"
91771,"CF-252"
91774,"CF-122"
91809,"CF-123"
91813,"CF-221"
91852,"CF-128"
91868,"CF-123"
91882,"CF-111"
91888,"CF-123"
91892,"CF-109"
91922,"CF-115"
91938,"CF-604"
91956,"CF-123"
91960,"CF-604"
91991,"CF-133"
91996,"CF-254"
92027,"CF-115"
92038,"CF-119"
92075,"CF-129"
92133,"CF-413"
92181,"CF-410"
92206,"CF-123"
92212,"CF-252"
92218,"CF-111"
92269,"CF-125"
92272,"CF-602"
92299,"CF-115"
92314,"CF-125"
92399,"CF-105"
92408,"CF-132"
92425,"CF-132"
92434,"CF-604"
92435,"CF-245"
92468,"CF-103"
92470,"CF-125"
92482,"CF-102"
92487,"CF-132"
92516,"CF-204"
92539,"CF-115"
92551,"CF-113"
92578,"CF-132"
92603,"CF-245"
92638,"CF-115"
92656,"CF-405"
92662,"CF-122"
92684,"CF-245"
92728,"CF-123"
92746,"CF-410"
92775,"CF-113"
92815,"CF-111"
92822,"CF-202"
92844,"CF-213"
92873,"CF-106"
92887,"CF-604"
92892,"CF-103"
92972,"CF-101"
93001,"CF-109"
93005,"CF-604"
93019,"CF-114"
93063,"CF-106"
93072,"CF-134"
93091,"CF-211"
93096,"CF-602"
93099,"CF-602"
93132,"CF-403"
93200,"CF-241"
93203,"CF-109"
93219,"CF-119"
93239,"CF-103"
93257,"CF-123"
93264,"CF-123"
93271,"CF-132"
93276,"CF-125"
93277,"CF-123"
93294,"CF-123"
93329,"CF-261"
93335,"CF-410"
93339,"CF-601"
93346,"CF-101"
93376,"CF-123"
93386,"CF-127"
93424,"CF-105"
93426,"CF-123"
93431,"CF-105"
93456,"CF-125"
93458,"CF-252"
93470,"CF-124"
93479,"CF-123"
93500,"CF-103"
93541,"CF-123"
93556,"CF-132"
93559,"CF-116"
93568,"CF-113"
93573,"CF-123"
93575,"CF-222"
93599,"CF-105"
93604,"CF-103"
93607,"CF-413"
93630,"CF-604"
93649,"CF-250"
93654,"CF-132"
93656,"CF-132"
93661,"CF-129"
93675,"CF-218"
93689,"CF-242"
93738,"CF-123"
93753,"CF-109"
93763,"CF-117"
93775,"CF-105"
93776,"CF-119"
93810,"CF-401"
93876,"CF-403"
93948,"CF-602"
94057,"CF-123"
94102,"CF-221"
94114,"CF-605"
94231,"CF-410"
94242,"CF-410"
94305,"CF-124"
94364,"CF-101"
94380,"CF-103"
94397,"CF-201"
94424,"CF-602"
94446,"CF-107"
94490,"CF-138"
94536,"CF-410"
94567,"CF-420"
94620,"CF-410"
94631,"CF-118"
94706,"CF-242"
94711,"CF-410"
94718,"CF-242"
94745,"CF-410"
94756,"CF-111"
94779,"CF-122"
94813,"CF-115"
94819,"CF-242"
94843,"CF-123"
94845,"CF-132"
94919,"CF-111"
94959,"CF-245"
94971,"CF-601"
94992,"CF-108"
95003,"CF-402"
95034,"CF-103"
95067,"CF-119"
95090,"CF-133"
95129,"CF-218"
95155,"CF-410"
95169,"CF-602"
95172,"CF-136"
95190,"CF-119"
95228,"CF-111"
95267,"CF-123"
95297,"CF-123"
95299,"CF-107"
95330,"CF-123"
95335,"CF-132"
95363,"CF-242"
95369,"CF-410"
95373,"CF-109"
95388,"CF-111"
95418,"CF-410"
95434,"CF-134"
95460,"CF-111"
95527,"CF-413"
95547,"CF-245"
95608,"CF-133"
95678,"CF-602"
95704,"CF-125"
95711,"CF-123"
95714,"CF-113"
95727,"CF-117"
95803,"CF-123"
95820,"CF-111"
95856,"CF-111"
95929,"CF-410"
95970,"CF-122"
95976,"CF-245"
95992,"CF-245"
95995,"CF-134"
96006,"CF-115"
96013,"CF-410"
96018,"CF-119"
96030,"CF-250"
96040,"CF-111"
96091,"CF-119"
96099,"CF-402"
96101,"CF-602"
96132,"CF-115"
96156,"CF-114"
96173,"CF-115"
96190,"CF-111"
96203,"CF-115"
96205,"CF-107"
96304,"CF-604"
96381,"CF-249"
96422,"CF-109"
96435,"CF-117"
96489,"CF-124"
96514,"CF-123"
96517,"CF-402"
96519,"CF-250"
96520,"CF-126"
96550,"CF-124"
96555,"CF-245"
96584,"CF-242"
96598,"CF-413"
96609,"CF-115"
96639,"CF-101"
96644,"CF-134"
96725,"CF-101"
96800,"CF-403"
96801,"CF-127"
96809,"CF-604"
96818,"CF-105"
96822,"CF-111"
96837,"CF-222"
96850,"CF-129"
96858,"CF-114"
96896,"CF-403"
96913,"CF-111"
96943,"CF-117"
96952,"CF-204"
96956,"CF-111"
96993,"CF-602"
97007,"CF-105"
97040,"CF-126"
97110,"CF-113"
97176,"CF-410"
97179,"CF-117"
97193,"CF-125"
97204,"CF-206"
97215,"CF-111"
97252,"CF-202"
97268,"CF-410"
97362,"CF-115"
97373,"CF-119"
97411,"CF-127"
97456,"CF-123"
97457,"CF-102"
97462,"CF-123"
97464,"CF-245"
97530,"CF-132"
97537,"CF-101"
97541,"CF-113"
97549,"CF-602"
97558,"CF-134"
97561,"CF-221"
97563,"CF-119"
97576,"CF-123"
97614,"CF-117"
97638,"CF-245"
97659,"CF-132"
97684,"CF-119"
97700,"CF-125"
97716,"CF-127"
97719,"CF-132"
97722,"CF-123"
97723,"CF-132"
97738,"CF-132"
97755,"CF-113"
97762,"CF-135"
97767,"CF-132"
97827,"CF-129"
97829,"CF-402"
97831,"CF-402"
97846,"CF-221"
97854,"CF-410"
97889,"CF-101"
97898,"CF-111"
97908,"CF-134"
98006,"CF-410"
98012,"CF-221"
98097,"CF-402"
98108,"CF-402"
98134,"CF-219"
98156,"CF-220"
98161,"CF-134"
98177,"CF-202"
98185,"CF-410"
98192,"CF-109"
98214,"CF-202"
98219,"CF-105"
98227,"CF-410"
98233,"CF-111"
98254,"CF-129"
98294,"CF-410"
98301,"CF-111"
98315,"CF-410"
98321,"CF-410"
98371,"CF-402"
98382,"CF-133"
98488,"CF-131"
98544,"CF-105"
98555,"CF-242"
98586,"CF-242"
98599,"CF-221"
98642,"CF-111"
98667,"CF-402"
98672,"CF-403"
98743,"CF-134"
98768,"CF-219"
98790,"CF-221"
98797,"CF-404"
98803,"CF-404"
98819,"CF-404"
98839,"CF-131"
98887,"CF-202"
98888,"CF-402"
98899,"CF-123"
98929,"CF-117"
98938,"CF-125"
98956,"CF-212"
98968,"CF-111"
98971,"CF-242"
98999,"CF-123"
99025,"CF-111"
99059,"CF-242"
99071,"CF-111"
99075,"CF-125"
99079,"CF-221"
99185,"CF-405"
99188,"CF-402"
99191,"CF-245"
99198,"CF-111"
99218,"CF-124"
99219,"CF-123"
99232,"CF-402"
99262,"CF-126"
99277,"CF-124"
99293,"CF-119"
99326,"CF-124"
99333,"CF-111"
99353,"CF-402"
99356,"CF-115"
99405,"CF-242"
99426,"CF-413"
99428,"CF-201"
99432,"CF-115"
99437,"CF-132"
99457,"CF-105"
99465,"CF-221"
99467,"CF-123"
99494,"CF-117"
99503,"CF-410"
99523,"CF-108"
99577,"CF-402"
99588,"CF-109"
99618,"CF-105"
99629,"CF-124"
99660,"CF-256"
99669,"CF-602"
99673,"CF-111"
99688,"CF-132"
99710,"CF-404"
99726,"CF-402"
99749,"CF-402"
99800,"CF-115"
99810,"CF-103"
99812,"CF-242"
99834,"CF-402"
99838,"CF-604"
99845,"CF-111"
99874,"CF-111"
99896,"CF-111"
99901,"CF-133"
99931,"CF-245"
99953,"CF-209"
99954,"CF-402"
99957,"CF-402"
100000,"CF-131"
100010,"CF-111"
100015,"CF-136"
100025,"CF-127"
100031,"CF-132"
100042,"CF-402"
100052,"CF-111"
100066,"CF-123"
100081,"CF-604"
100082,"CF-404"
